--
-- Script was generated by Devart dbForge Data Generator for Oracle, Version 2.3.12.0
-- Product Home Page: http://www.devart.com/dbforge/oracle/data-generator
-- Script date 5/15/2021 7:11:15 PM
-- Target server version: Oracle Database 11g Express Edition Release 11.2.0.2.0 - 64bit Production
-- Target connection string: User Id=oumayma;Server=XE;Unicode=True
--


SET SQLBLANKLINES ON;
SET DEFINE OFF;
ALTER SESSION SET NLS_DATE_FORMAT = 'MM/DD/SYYYY HH24:MI:SS';
ALTER SESSION SET NLS_TIMESTAMP_TZ_FORMAT = 'MM/DD/SYYYY HH24:MI:SS.FF TZH:TZM';
ALTER SESSION SET NLS_TIMESTAMP_FORMAT = 'MM/DD/SYYYY HH24:MI:SS.FF';
ALTER SESSION SET NLS_NUMERIC_CHARACTERS = '.,';
ALTER SESSION SET NLS_NCHAR_CONV_EXCP = FALSE;
ALTER SESSION SET TIME_ZONE = '+01:00';
--
-- Delete data from the table 'OUMAYMA.TRANSACTION'
--
TRUNCATE TABLE OUMAYMA.TRANSACTION;
--
-- Delete data from the table 'OUMAYMA.SERVICE'
--
TRUNCATE TABLE OUMAYMA.SERVICE;
--
-- Delete data from the table 'OUMAYMA.PRET'
--
TRUNCATE TABLE OUMAYMA.PRET;
--
-- Delete data from the table 'OUMAYMA.PARRAINAGE'
--
TRUNCATE TABLE OUMAYMA.PARRAINAGE;
--
-- Delete data from the table 'OUMAYMA.COMPTEEPARGNE'
--
TRUNCATE TABLE OUMAYMA.COMPTEEPARGNE;
--
-- Delete data from the table 'OUMAYMA.COMPTEDEVISE'
--
TRUNCATE TABLE OUMAYMA.COMPTEDEVISE;
--
-- Delete data from the table 'OUMAYMA.COMPTECOURANT'
--
TRUNCATE TABLE OUMAYMA.COMPTECOURANT;
--
-- Delete data from the table 'OUMAYMA.CHEQUE'
--
TRUNCATE TABLE OUMAYMA.CHEQUE;
--
-- Delete data from the table 'OUMAYMA.CARTE'
--
TRUNCATE TABLE OUMAYMA.CARTE;
--
-- Delete data from the table 'OUMAYMA.COMPTE'
--
DELETE FROM OUMAYMA.COMPTE;
--
-- Delete data from the table 'OUMAYMA.CLIENT'
--
DELETE FROM OUMAYMA.CLIENT;
--
-- Delete data from the table 'OUMAYMA.AGENCE'
--
DELETE FROM OUMAYMA.AGENCE;

--
-- Inserting data into table OUMAYMA.AGENCE
--
INSERT INTO OUMAYMA.AGENCE(IDAGENCE, ADRESSEAGENCE) VALUES
(1, '00A848KWUQ74');
INSERT INTO OUMAYMA.AGENCE(IDAGENCE, ADRESSEAGENCE) VALUES
(2, 'T3NO40JEX3LQ8SI15W4575');
INSERT INTO OUMAYMA.AGENCE(IDAGENCE, ADRESSEAGENCE) VALUES
(3, 'I52');
INSERT INTO OUMAYMA.AGENCE(IDAGENCE, ADRESSEAGENCE) VALUES
(4, '7T');
INSERT INTO OUMAYMA.AGENCE(IDAGENCE, ADRESSEAGENCE) VALUES
(5, 'R7');
INSERT INTO OUMAYMA.AGENCE(IDAGENCE, ADRESSEAGENCE) VALUES
(6, 'D76X');
INSERT INTO OUMAYMA.AGENCE(IDAGENCE, ADRESSEAGENCE) VALUES
(7, 'E9DL2Q507C02627871M5U1');
INSERT INTO OUMAYMA.AGENCE(IDAGENCE, ADRESSEAGENCE) VALUES
(8, 'V6N9SG2NVDS533QY504HS12T6S09DCX7JHN4N3U1P14UE720Y0KCZD65Y4N545K4X0R7Y67CRQ');
INSERT INTO OUMAYMA.AGENCE(IDAGENCE, ADRESSEAGENCE) VALUES
(9, NULL);
INSERT INTO OUMAYMA.AGENCE(IDAGENCE, ADRESSEAGENCE) VALUES
(10, '375M54');
INSERT INTO OUMAYMA.AGENCE(IDAGENCE, ADRESSEAGENCE) VALUES
(11, '0E85J6W');
INSERT INTO OUMAYMA.AGENCE(IDAGENCE, ADRESSEAGENCE) VALUES
(12, '5W4C84E6KH');
INSERT INTO OUMAYMA.AGENCE(IDAGENCE, ADRESSEAGENCE) VALUES
(13, 'BTL8K336H77098SW059MTLU9GK4S1L5G7H7S98M8869BV27SS4335I0530I8LW73NN103P');
INSERT INTO OUMAYMA.AGENCE(IDAGENCE, ADRESSEAGENCE) VALUES
(14, 'K261F7Q918750Q49SXI353FTIF7UNCF2699889L207Y4F2D3O6EMT4PK3WWC2IIR6GO1ZB54SAW41');
INSERT INTO OUMAYMA.AGENCE(IDAGENCE, ADRESSEAGENCE) VALUES
(15, 'LO0UKL5814IX1O71ZC96A98Z8S9IGU6O50U1I2WB6AE29XV6TP3IT330811X15M0B4QEAX');
INSERT INTO OUMAYMA.AGENCE(IDAGENCE, ADRESSEAGENCE) VALUES
(16, '49EH211YJL4H341LZ40TC5C7PG5N4Y16H');
INSERT INTO OUMAYMA.AGENCE(IDAGENCE, ADRESSEAGENCE) VALUES
(17, '6LNBIK69K942QUZ6N3G7632CLG33C8EE2IX4I0Y');
INSERT INTO OUMAYMA.AGENCE(IDAGENCE, ADRESSEAGENCE) VALUES
(18, '0K497DCR6OD39KL1UO0UKYP6EAYX81HP58SXI1W66OIN82PZ672ZD41GMFJ5X131S5E68A803V45F97UC0PS35C8V922V59AHM56FC3B923FMSKZQRX');
INSERT INTO OUMAYMA.AGENCE(IDAGENCE, ADRESSEAGENCE) VALUES
(19, 'I8671X6P839X');
INSERT INTO OUMAYMA.AGENCE(IDAGENCE, ADRESSEAGENCE) VALUES
(20, '3PY16307K25D');
INSERT INTO OUMAYMA.AGENCE(IDAGENCE, ADRESSEAGENCE) VALUES
(21, 'WU');
INSERT INTO OUMAYMA.AGENCE(IDAGENCE, ADRESSEAGENCE) VALUES
(22, '6JXJIE33671X1');
INSERT INTO OUMAYMA.AGENCE(IDAGENCE, ADRESSEAGENCE) VALUES
(23, 'SYAN31Y62537MI7W');
INSERT INTO OUMAYMA.AGENCE(IDAGENCE, ADRESSEAGENCE) VALUES
(24, 'KJ88AJ71118K9291CAK98MAKR327GX76O30515FR6V21');
INSERT INTO OUMAYMA.AGENCE(IDAGENCE, ADRESSEAGENCE) VALUES
(25, 'US4');
INSERT INTO OUMAYMA.AGENCE(IDAGENCE, ADRESSEAGENCE) VALUES
(26, '367J68H58J9493Q4OW5W9H7W01EWCTQ3Q06829O6NJJ937LQX4M9S3W5ML6QB4922R6EGRC1J5TUCI1D');
INSERT INTO OUMAYMA.AGENCE(IDAGENCE, ADRESSEAGENCE) VALUES
(27, NULL);
INSERT INTO OUMAYMA.AGENCE(IDAGENCE, ADRESSEAGENCE) VALUES
(28, '37NG8KK');
INSERT INTO OUMAYMA.AGENCE(IDAGENCE, ADRESSEAGENCE) VALUES
(29, '9DQSDML1X2QY');
INSERT INTO OUMAYMA.AGENCE(IDAGENCE, ADRESSEAGENCE) VALUES
(30, '1446AH1PC228921LT0892EZWC9L46M6');
INSERT INTO OUMAYMA.AGENCE(IDAGENCE, ADRESSEAGENCE) VALUES
(31, '1220PL0V7Y5SZAGF67PR517DSX9GK6D366HMZWUOJB4ND1NLQD83TF2NY');
INSERT INTO OUMAYMA.AGENCE(IDAGENCE, ADRESSEAGENCE) VALUES
(32, NULL);
INSERT INTO OUMAYMA.AGENCE(IDAGENCE, ADRESSEAGENCE) VALUES
(33, 'HG4VX7L5HK9MB');
INSERT INTO OUMAYMA.AGENCE(IDAGENCE, ADRESSEAGENCE) VALUES
(34, 'U0Y3');
INSERT INTO OUMAYMA.AGENCE(IDAGENCE, ADRESSEAGENCE) VALUES
(35, '417YNW0V52D7S186131E');
INSERT INTO OUMAYMA.AGENCE(IDAGENCE, ADRESSEAGENCE) VALUES
(36, '2HS3W176X29J36NM8WW0G18K2');
INSERT INTO OUMAYMA.AGENCE(IDAGENCE, ADRESSEAGENCE) VALUES
(37, 'PNX3LE42K573AD99653G5WLZ3T58W9P34');
INSERT INTO OUMAYMA.AGENCE(IDAGENCE, ADRESSEAGENCE) VALUES
(38, '5');
INSERT INTO OUMAYMA.AGENCE(IDAGENCE, ADRESSEAGENCE) VALUES
(39, 'A30OLKM537RI1VITOZL0564S6R4O0R372SJ3Y0LO4UV31724PHDL48TPU13Y4M86J018LR1KQ62896IH2E448AH0P53M9');
INSERT INTO OUMAYMA.AGENCE(IDAGENCE, ADRESSEAGENCE) VALUES
(40, '630QHR78VAERTYKRPQY');
INSERT INTO OUMAYMA.AGENCE(IDAGENCE, ADRESSEAGENCE) VALUES
(41, '064RN1XSUXFPFOWZHEQ0IO9T');
INSERT INTO OUMAYMA.AGENCE(IDAGENCE, ADRESSEAGENCE) VALUES
(42, NULL);
INSERT INTO OUMAYMA.AGENCE(IDAGENCE, ADRESSEAGENCE) VALUES
(43, 'LH8A4NPRE1UI452ND875OJHB69A88HR3JG09I42ZUW8L');
INSERT INTO OUMAYMA.AGENCE(IDAGENCE, ADRESSEAGENCE) VALUES
(44, '2V4JLQV7247V3J6LV8B3T9Q5KCBTPM9X2I26706L44J19GEK459699YX9M0NLLEU86CS1L3TE5SZ899A0S24Q6CX03BGSY');
INSERT INTO OUMAYMA.AGENCE(IDAGENCE, ADRESSEAGENCE) VALUES
(45, '54Q25CW0SLCCQC0HRL1714T2MIL722I50484GHYA1ECB5F5A2SR5YRZE35C9VPX59D2CFTKM');
INSERT INTO OUMAYMA.AGENCE(IDAGENCE, ADRESSEAGENCE) VALUES
(46, 'B7DEQACWB5S9G8U342G5619474919313O27630');
INSERT INTO OUMAYMA.AGENCE(IDAGENCE, ADRESSEAGENCE) VALUES
(47, '3Q');
INSERT INTO OUMAYMA.AGENCE(IDAGENCE, ADRESSEAGENCE) VALUES
(48, 'C6432RI1U79A0T9Q9HQHB9N79FQ1BCA587XC6QNELA45272SM3');
INSERT INTO OUMAYMA.AGENCE(IDAGENCE, ADRESSEAGENCE) VALUES
(49, '0561B982TEVCKDC8');
INSERT INTO OUMAYMA.AGENCE(IDAGENCE, ADRESSEAGENCE) VALUES
(50, NULL);

--
-- Inserting data into table OUMAYMA.CLIENT
--
INSERT INTO OUMAYMA.CLIENT(IDCLIENT, NOMCLIENT, PRENOMCLIENT, DATENAISSCLIENT, NUMTEL, ADRESSECLIENT, PRIMEFIDELITE) VALUES
(1, '7782C8I43ZWS95AOEX9BT4SCUB3L183RVH4S728N9C8Q0U4MC7NKW0YQV0U43GV82IUM', 'LQYL881P3ZSNT396Q59C29798MDL2V9L92J7RGW528B6D07134H', '07/11/1998 01:54:08', '67407', 'K18TQ71R127Y96A0CED6HJAJ53', 1);
INSERT INTO OUMAYMA.CLIENT(IDCLIENT, NOMCLIENT, PRENOMCLIENT, DATENAISSCLIENT, NUMTEL, ADRESSECLIENT, PRIMEFIDELITE) VALUES
(2, '88XI4E5CAG66579F0DLO082DY04B19TXH96W4A', 'C3S3F416651XCCD5G', '01/01/1970 00:00:07', '64850', NULL, 2);
INSERT INTO OUMAYMA.CLIENT(IDCLIENT, NOMCLIENT, PRENOMCLIENT, DATENAISSCLIENT, NUMTEL, ADRESSECLIENT, PRIMEFIDELITE) VALUES
(3, 'ZC4918H63E53084IZK5W36SF10M4TKD', 'LX30948D9AX6T', '01/01/1970 00:00:09', '25568', 'R4K560IO17I9QA77PD56R3IKV7PC6AW', 3);
INSERT INTO OUMAYMA.CLIENT(IDCLIENT, NOMCLIENT, PRENOMCLIENT, DATENAISSCLIENT, NUMTEL, ADRESSECLIENT, PRIMEFIDELITE) VALUES
(4, '7KB3MW1', 'Q2D16150MEGZTJ5Z2RLH1U1CY9MLQ6A7F1J816R2O1Z2X1EXGIN1I62B129PWJ93K3543V28CSG2L62A75GMD5207D8I46091550TPQT0OP5Q4K6M8659Z5X9BLA30754R05PLY3YPT6XDW722', '01/01/1970 00:31:40', '68679', '4J', 4);
INSERT INTO OUMAYMA.CLIENT(IDCLIENT, NOMCLIENT, PRENOMCLIENT, DATENAISSCLIENT, NUMTEL, ADRESSECLIENT, PRIMEFIDELITE) VALUES
(5, 'EF897LN7YI2452P541O3FO4423VHZP9YU39YN', 'AS1MN4DEW0OO4C12C27A8YL89Y2U1619QRO83Q8V5S5Y0', '01/01/1970 00:00:01', '00878', 'TZ72061823453S5MU64S1LO2MO7P28012866TRI74EG96772J', 5);
INSERT INTO OUMAYMA.CLIENT(IDCLIENT, NOMCLIENT, PRENOMCLIENT, DATENAISSCLIENT, NUMTEL, ADRESSECLIENT, PRIMEFIDELITE) VALUES
(6, '393JM7E1D2C2X0MP2V9LF89T7J99O5URS798EPL4', 'Q02C1815MIM1PB6389IM8O081VF3N2FX11A25RO178OC1UB4G12CL6D39860UOUQIF4S', '04/14/1973 03:47:30', '70736', '6087V19', 6);
INSERT INTO OUMAYMA.CLIENT(IDCLIENT, NOMCLIENT, PRENOMCLIENT, DATENAISSCLIENT, NUMTEL, ADRESSECLIENT, PRIMEFIDELITE) VALUES
(7, '363695B1', '780FN1Q368KOPU9SV8EY9N8', '10/31/2001 03:59:11', '01644', '8NVK840093RGXX93QS970Z203', 7);
INSERT INTO OUMAYMA.CLIENT(IDCLIENT, NOMCLIENT, PRENOMCLIENT, DATENAISSCLIENT, NUMTEL, ADRESSECLIENT, PRIMEFIDELITE) VALUES
(8, 'V7IO590050', 'AO24FQBN7B3S516HVJ587PAAC4CFSF4VO1Y01S2K8U7B3', '02/27/1997 20:12:55', '32626', 'H6WTPIE734RZ9E94J4G26SAW', 8);
INSERT INTO OUMAYMA.CLIENT(IDCLIENT, NOMCLIENT, PRENOMCLIENT, DATENAISSCLIENT, NUMTEL, ADRESSECLIENT, PRIMEFIDELITE) VALUES
(9, '4WTO14K2BMFA19V', '1O', '09/02/2008 21:30:33', '52582', '51D256LF2G6', 9);
INSERT INTO OUMAYMA.CLIENT(IDCLIENT, NOMCLIENT, PRENOMCLIENT, DATENAISSCLIENT, NUMTEL, ADRESSECLIENT, PRIMEFIDELITE) VALUES
(10, '23Z8WKM2Y0', 'L1O0916X7V2UVI', '01/04/2014 22:55:23', '52410', '75R1S86NKL6IXWA2P', 10);
INSERT INTO OUMAYMA.CLIENT(IDCLIENT, NOMCLIENT, PRENOMCLIENT, DATENAISSCLIENT, NUMTEL, ADRESSECLIENT, PRIMEFIDELITE) VALUES
(11, 'GRPI32O53IPM4L53F0', '4U187AWCVAVGO348Z5969BPK2FINF5', '10/24/2015 22:51:55', '49926', 'LF66LLF095HJ739Y7BLOMZ8WBDY5961LASSGZH', 11);
INSERT INTO OUMAYMA.CLIENT(IDCLIENT, NOMCLIENT, PRENOMCLIENT, DATENAISSCLIENT, NUMTEL, ADRESSECLIENT, PRIMEFIDELITE) VALUES
(12, '5ZVNGS01658Y04R068W1A', '5DFE40U26J3U7K8U912Y3M85Q8163V2FIU02435W8M0LK8A185JF2UPQ6YRS9586255ML602L1PW76H4D4DD1XA0390451', '01/25/1996 09:54:44', '97577', 'EPR0B02NK5DA43H362T5', 12);
INSERT INTO OUMAYMA.CLIENT(IDCLIENT, NOMCLIENT, PRENOMCLIENT, DATENAISSCLIENT, NUMTEL, ADRESSECLIENT, PRIMEFIDELITE) VALUES
(13, '5DHY82946YRTSS9A2F59UUMCUX4N7086AGK44206BBVG9531199YU0I076CS3Z1415A7F2701W', '4M649K3QGA6H9TVXVW8708A', '10/13/1984 13:29:20', '91604', 'STBBW3ACS507ZB3UQUXGM80D0SSXMW1HGO', 13);
INSERT INTO OUMAYMA.CLIENT(IDCLIENT, NOMCLIENT, PRENOMCLIENT, DATENAISSCLIENT, NUMTEL, ADRESSECLIENT, PRIMEFIDELITE) VALUES
(14, '2RUOW87TJ6HKE032F2GN8Y9F9', '273B69H8', '03/24/1970 22:18:29', '61033', 'U160', 14);
INSERT INTO OUMAYMA.CLIENT(IDCLIENT, NOMCLIENT, PRENOMCLIENT, DATENAISSCLIENT, NUMTEL, ADRESSECLIENT, PRIMEFIDELITE) VALUES
(15, '47BWRVNT', '0', '06/11/2013 18:36:53', '82524', '57UK8AA25', 15);
INSERT INTO OUMAYMA.CLIENT(IDCLIENT, NOMCLIENT, PRENOMCLIENT, DATENAISSCLIENT, NUMTEL, ADRESSECLIENT, PRIMEFIDELITE) VALUES
(16, '7PVP3496N3HQZZP462', 'M65GVT4', '01/01/1970 00:12:43', '79683', '283BS4OQ6P', 16);
INSERT INTO OUMAYMA.CLIENT(IDCLIENT, NOMCLIENT, PRENOMCLIENT, DATENAISSCLIENT, NUMTEL, ADRESSECLIENT, PRIMEFIDELITE) VALUES
(17, '3N7G06R5Y6CBS3R33I2P756H6QY9F80S52Q0G592K2T0760VL3O01ZAAF', 'G8PK8G74824031PYM3MV01090ZRWLCV75R68W3Q01TJ1I', '01/05/1990 22:05:07', '79788', NULL, 17);
INSERT INTO OUMAYMA.CLIENT(IDCLIENT, NOMCLIENT, PRENOMCLIENT, DATENAISSCLIENT, NUMTEL, ADRESSECLIENT, PRIMEFIDELITE) VALUES
(18, '256ZT7PHWM7YNC7G0TN4ZR1E1RU48YVJ1LJ7V5LST6RUH', '4810RRWTT6427IXW', '01/01/1970 00:00:03', '13888', 'J', 18);
INSERT INTO OUMAYMA.CLIENT(IDCLIENT, NOMCLIENT, PRENOMCLIENT, DATENAISSCLIENT, NUMTEL, ADRESSECLIENT, PRIMEFIDELITE) VALUES
(19, '9', 'Y6S5DCQIKI638J5G14V79A30603C5JKB5ZQD96JC7A9928FA0X32G2U34L2X0FY737I14728', '02/27/1985 22:39:59', '23491', 'M8R3UJ3UT', 19);
INSERT INTO OUMAYMA.CLIENT(IDCLIENT, NOMCLIENT, PRENOMCLIENT, DATENAISSCLIENT, NUMTEL, ADRESSECLIENT, PRIMEFIDELITE) VALUES
(20, 'X', 'Y075B', '01/11/2021 09:25:45', '93779', 'W4', 20);
INSERT INTO OUMAYMA.CLIENT(IDCLIENT, NOMCLIENT, PRENOMCLIENT, DATENAISSCLIENT, NUMTEL, ADRESSECLIENT, PRIMEFIDELITE) VALUES
(21, '4P', NULL, '06/12/1995 14:04:09', '52445', NULL, 21);
INSERT INTO OUMAYMA.CLIENT(IDCLIENT, NOMCLIENT, PRENOMCLIENT, DATENAISSCLIENT, NUMTEL, ADRESSECLIENT, PRIMEFIDELITE) VALUES
(22, 'C7TFP8J4K90', '39Q2569TYZC64527FWMAO354DAUB3J61N233B3', '01/01/1970 00:00:05', '74567', 'GC94T8Y6I4O4', 22);
INSERT INTO OUMAYMA.CLIENT(IDCLIENT, NOMCLIENT, PRENOMCLIENT, DATENAISSCLIENT, NUMTEL, ADRESSECLIENT, PRIMEFIDELITE) VALUES
(23, '4POW4T028685MRPJ37ZOQJ90QN48839', '3676LC989Q56XO7NM6N07IE26XV1IB56212G0H16BZIQ8D0N0RUGO8Z6DI60T55YD52QBYECVDD03', '01/01/1970 00:00:02', '18252', 'D4TI5977YA7W32W37MSGQD0GAU9968U6E49079IP8CA5YFD22PJ0', 23);
INSERT INTO OUMAYMA.CLIENT(IDCLIENT, NOMCLIENT, PRENOMCLIENT, DATENAISSCLIENT, NUMTEL, ADRESSECLIENT, PRIMEFIDELITE) VALUES
(24, 'VE3TR4G21Q24FOANIJM', 'KV0XINGNO', '05/16/1985 17:45:14', '81759', 'S6SG9HB1IAYOY74I8H', 24);
INSERT INTO OUMAYMA.CLIENT(IDCLIENT, NOMCLIENT, PRENOMCLIENT, DATENAISSCLIENT, NUMTEL, ADRESSECLIENT, PRIMEFIDELITE) VALUES
(25, NULL, 'G3162QYMN7NJBZ3FC6RNT4L5E02', NULL, '29252', '019H93CVUP9XFMJ3OL5KBK4619I1P6ZN4MB6', 25);
INSERT INTO OUMAYMA.CLIENT(IDCLIENT, NOMCLIENT, PRENOMCLIENT, DATENAISSCLIENT, NUMTEL, ADRESSECLIENT, PRIMEFIDELITE) VALUES
(26, 'WF0BI0326G650D3', 'CZS', '04/26/1990 07:36:19', '72811', 'C7R1O5Z3258T73994W1OW0S6CR7', 26);
INSERT INTO OUMAYMA.CLIENT(IDCLIENT, NOMCLIENT, PRENOMCLIENT, DATENAISSCLIENT, NUMTEL, ADRESSECLIENT, PRIMEFIDELITE) VALUES
(27, 'A389B0Q2KN6025V25I04SEYE29W383V', '55N3496C3A21B', '04/06/2005 04:05:39', '06208', 'F9K95', 27);
INSERT INTO OUMAYMA.CLIENT(IDCLIENT, NOMCLIENT, PRENOMCLIENT, DATENAISSCLIENT, NUMTEL, ADRESSECLIENT, PRIMEFIDELITE) VALUES
(28, '614Q195RFK0U5PU6QN3OC3MN289MU', 'IO8G37396EQJQC80189537LJ8T89EW847', '01/01/1970 00:14:48', '25041', 'E51K890H5', 28);
INSERT INTO OUMAYMA.CLIENT(IDCLIENT, NOMCLIENT, PRENOMCLIENT, DATENAISSCLIENT, NUMTEL, ADRESSECLIENT, PRIMEFIDELITE) VALUES
(29, '67J163', '81QC5CMN13', '01/01/1970 00:00:02', '01419', 'VZYK7HSME8OI7362C02BGXF5W092', 29);
INSERT INTO OUMAYMA.CLIENT(IDCLIENT, NOMCLIENT, PRENOMCLIENT, DATENAISSCLIENT, NUMTEL, ADRESSECLIENT, PRIMEFIDELITE) VALUES
(30, '83264MQ3', 'ZE3LO946690DT9OU2PN322YO8TFTX323CVX53', '01/01/1970 00:09:08', '42753', 'N75X2EG4', 30);
INSERT INTO OUMAYMA.CLIENT(IDCLIENT, NOMCLIENT, PRENOMCLIENT, DATENAISSCLIENT, NUMTEL, ADRESSECLIENT, PRIMEFIDELITE) VALUES
(31, 'X7D3', 'X8', '05/06/1989 23:50:47', '78180', 'WB55', 31);
INSERT INTO OUMAYMA.CLIENT(IDCLIENT, NOMCLIENT, PRENOMCLIENT, DATENAISSCLIENT, NUMTEL, ADRESSECLIENT, PRIMEFIDELITE) VALUES
(32, 'UC47JJ13R275MQ3719GBFVVYD8QW2ZQ4HC83N05R4W992A5369X2CA36L02MRT36HEN808NANS9AYA1WZ3DD2F135A1R431XY', '2S09DR34T338S08BC7230WE298I45H5V338C33I15A8R81M45CMN28S87K0X2RTBR33D9QYS771', '09/10/1993 03:25:16', '35716', 'S357Z3YCD4VB1H65C', 32);
INSERT INTO OUMAYMA.CLIENT(IDCLIENT, NOMCLIENT, PRENOMCLIENT, DATENAISSCLIENT, NUMTEL, ADRESSECLIENT, PRIMEFIDELITE) VALUES
(33, '1247EC', 'H8', '12/07/1970 16:56:33', '79119', 'GZJF4E8SN', 33);
INSERT INTO OUMAYMA.CLIENT(IDCLIENT, NOMCLIENT, PRENOMCLIENT, DATENAISSCLIENT, NUMTEL, ADRESSECLIENT, PRIMEFIDELITE) VALUES
(34, '0IG1Z41Y15C58P70PH816589', 'YXFWD3SZFW43G', '01/01/1970 00:08:45', '87425', '669FI8Y4L5J395J1Z922EQ', 34);
INSERT INTO OUMAYMA.CLIENT(IDCLIENT, NOMCLIENT, PRENOMCLIENT, DATENAISSCLIENT, NUMTEL, ADRESSECLIENT, PRIMEFIDELITE) VALUES
(35, '92G60OMU7955W4K3MS2OVF80H7ZBD300715BD4Y744Z4M36O07TEXD4160', 'H15C8G600113N008B69R2UY15Q9830', '05/05/2017 11:40:49', '98120', '8', 35);
INSERT INTO OUMAYMA.CLIENT(IDCLIENT, NOMCLIENT, PRENOMCLIENT, DATENAISSCLIENT, NUMTEL, ADRESSECLIENT, PRIMEFIDELITE) VALUES
(36, 'OPOL39VC4D272J5', 'AGOOC79F374H85T6I1HX5Q9BN540T0HJ69AS5UU769X7J7BS37P8L57346B1S48VG18', '01/01/1970 00:00:54', '64063', '3WFYMJ885LD40U5WGGATH0E4Q82EA06Q82600546K00J7X9N043KH6V106U39JL6N0F6K3D68QZETO0E640I5RWK5715MS744EP', 36);
INSERT INTO OUMAYMA.CLIENT(IDCLIENT, NOMCLIENT, PRENOMCLIENT, DATENAISSCLIENT, NUMTEL, ADRESSECLIENT, PRIMEFIDELITE) VALUES
(37, '7CF4RN9ND5CGRL218P85XZG7D', 'NR3CC84K2255627DR11RJCPH200O0K1', '01/01/1970 00:14:52', '29231', '7U2S2J693082T', 37);
INSERT INTO OUMAYMA.CLIENT(IDCLIENT, NOMCLIENT, PRENOMCLIENT, DATENAISSCLIENT, NUMTEL, ADRESSECLIENT, PRIMEFIDELITE) VALUES
(38, '2X', 'OLO4JN9EV09LP6SI873S41B1C18Q4TR811P6J', '03/24/2017 03:01:44', '98216', '12', 38);
INSERT INTO OUMAYMA.CLIENT(IDCLIENT, NOMCLIENT, PRENOMCLIENT, DATENAISSCLIENT, NUMTEL, ADRESSECLIENT, PRIMEFIDELITE) VALUES
(39, '95X4YY0L267H7FTZB68T893828YJSCJ2HA857NE07', '256C956TN61FN96MUB5J792E03F17074168SL47547297IV1T8Z70S009OP2', '01/01/1970 00:00:07', '64584', 'TMTBH9A434I9STO7JX2804', 39);
INSERT INTO OUMAYMA.CLIENT(IDCLIENT, NOMCLIENT, PRENOMCLIENT, DATENAISSCLIENT, NUMTEL, ADRESSECLIENT, PRIMEFIDELITE) VALUES
(40, 'VJFF69FK119ZE38H5NWPSQBFF7TF2SHQNX092YA3VSENY22HKICQW277077P1Y05OI6', '2G2JR44Z5074212597P46684WV0BO88113L8KE6G1XKP7T40PY1B2DI8LU42', '11/12/1992 17:18:35', '88777', '2NQ', 40);
INSERT INTO OUMAYMA.CLIENT(IDCLIENT, NOMCLIENT, PRENOMCLIENT, DATENAISSCLIENT, NUMTEL, ADRESSECLIENT, PRIMEFIDELITE) VALUES
(41, '95RR1ASA8CZL7V', 'E5', '01/01/1970 00:01:38', '03871', '0230LN8J1KS200DCG38E8HU394QRXMQRK04Y35U', 41);
INSERT INTO OUMAYMA.CLIENT(IDCLIENT, NOMCLIENT, PRENOMCLIENT, DATENAISSCLIENT, NUMTEL, ADRESSECLIENT, PRIMEFIDELITE) VALUES
(42, NULL, 'P4X14K3252', NULL, '39808', '835', 42);
INSERT INTO OUMAYMA.CLIENT(IDCLIENT, NOMCLIENT, PRENOMCLIENT, DATENAISSCLIENT, NUMTEL, ADRESSECLIENT, PRIMEFIDELITE) VALUES
(43, '7L20VIIEK916J324DRFBU5SM9', 'J529Z', '12/25/2002 20:56:02', '14684', 'W2', 43);
INSERT INTO OUMAYMA.CLIENT(IDCLIENT, NOMCLIENT, PRENOMCLIENT, DATENAISSCLIENT, NUMTEL, ADRESSECLIENT, PRIMEFIDELITE) VALUES
(44, '2976PYSLUQ7O38FFSDVH2KQBXWPBZ97W6I026MO5LAV6KA4MLRD2N87U5EJ5G9DT', NULL, '09/16/1976 13:44:54', '39006', 'Z8F091XS38H2YA29QV7Z6SV89', 44);
INSERT INTO OUMAYMA.CLIENT(IDCLIENT, NOMCLIENT, PRENOMCLIENT, DATENAISSCLIENT, NUMTEL, ADRESSECLIENT, PRIMEFIDELITE) VALUES
(45, '15IKB396O34HL2', '3HJ19Y5F182NWG1A2KVQBH3PQA2XR52WVT85VP1ZX87LMTQ66DSC08Y9297A9GA5ZPYG0M8D17878', '01/01/1970 00:08:52', '55360', 'YH42822F8W81S320B2GVU94L9G124N4642P0614N6UVN1AO446GC00LX2EM', 45);
INSERT INTO OUMAYMA.CLIENT(IDCLIENT, NOMCLIENT, PRENOMCLIENT, DATENAISSCLIENT, NUMTEL, ADRESSECLIENT, PRIMEFIDELITE) VALUES
(46, 'N4224UE5KEG25B1RF18YR3EB2PHA', 'C2B5ZSS601E237UAW3Y7P53EH3M3431FTPF', '03/06/1974 17:59:44', '58144', 'U584OI438KL1F0QDYSP9EC9M5LGUFI4G1P95745VR4T1892718T8NBH', 46);
INSERT INTO OUMAYMA.CLIENT(IDCLIENT, NOMCLIENT, PRENOMCLIENT, DATENAISSCLIENT, NUMTEL, ADRESSECLIENT, PRIMEFIDELITE) VALUES
(47, 'Z768SU2MCQUTS', 'KMS7N7PJX', '10/23/1984 02:48:08', '72766', '20ES88L80G16958FT6W5D6YP869EO337332O3LN0JFB0K2CF5CI6M6XQ96JA368516FIIDZ56H6', 47);
INSERT INTO OUMAYMA.CLIENT(IDCLIENT, NOMCLIENT, PRENOMCLIENT, DATENAISSCLIENT, NUMTEL, ADRESSECLIENT, PRIMEFIDELITE) VALUES
(48, NULL, NULL, NULL, '74570', '0A3Y8X02UV89L692D109246QFY3811RN8E37D', 48);
INSERT INTO OUMAYMA.CLIENT(IDCLIENT, NOMCLIENT, PRENOMCLIENT, DATENAISSCLIENT, NUMTEL, ADRESSECLIENT, PRIMEFIDELITE) VALUES
(49, NULL, NULL, NULL, '77493', NULL, 49);
INSERT INTO OUMAYMA.CLIENT(IDCLIENT, NOMCLIENT, PRENOMCLIENT, DATENAISSCLIENT, NUMTEL, ADRESSECLIENT, PRIMEFIDELITE) VALUES
(50, NULL, NULL, NULL, '45874', NULL, 50);

--
-- Inserting data into table OUMAYMA.COMPTE
--
INSERT INTO OUMAYMA.COMPTE(IDCOMPTE, MONTANTCOMPTE, TYPECOMPTE, IDAGENCE, IDCLIENT) VALUES
(1, 710811547, 'epargne', 13, 33);
INSERT INTO OUMAYMA.COMPTE(IDCOMPTE, MONTANTCOMPTE, TYPECOMPTE, IDAGENCE, IDCLIENT) VALUES
(2, 718257225, 'devise', 29, 37);
INSERT INTO OUMAYMA.COMPTE(IDCOMPTE, MONTANTCOMPTE, TYPECOMPTE, IDAGENCE, IDCLIENT) VALUES
(3, 4122, 'epargne', 32, NULL);
INSERT INTO OUMAYMA.COMPTE(IDCOMPTE, MONTANTCOMPTE, TYPECOMPTE, IDAGENCE, IDCLIENT) VALUES
(4, NULL, 'epargne', NULL, 39);
INSERT INTO OUMAYMA.COMPTE(IDCOMPTE, MONTANTCOMPTE, TYPECOMPTE, IDAGENCE, IDCLIENT) VALUES
(5, 67, 'devise', 12, 38);
INSERT INTO OUMAYMA.COMPTE(IDCOMPTE, MONTANTCOMPTE, TYPECOMPTE, IDAGENCE, IDCLIENT) VALUES
(6, 842975005, NULL, 33, 33);
INSERT INTO OUMAYMA.COMPTE(IDCOMPTE, MONTANTCOMPTE, TYPECOMPTE, IDAGENCE, IDCLIENT) VALUES
(7, 14260468, 'courant', 4, 4);
INSERT INTO OUMAYMA.COMPTE(IDCOMPTE, MONTANTCOMPTE, TYPECOMPTE, IDAGENCE, IDCLIENT) VALUES
(8, 510102884, 'courant', 4, 15);
INSERT INTO OUMAYMA.COMPTE(IDCOMPTE, MONTANTCOMPTE, TYPECOMPTE, IDAGENCE, IDCLIENT) VALUES
(9, 275908883, 'epargne', 19, 42);
INSERT INTO OUMAYMA.COMPTE(IDCOMPTE, MONTANTCOMPTE, TYPECOMPTE, IDAGENCE, IDCLIENT) VALUES
(10, 342389194, 'courant', 1, 41);
INSERT INTO OUMAYMA.COMPTE(IDCOMPTE, MONTANTCOMPTE, TYPECOMPTE, IDAGENCE, IDCLIENT) VALUES
(11, 223683100, 'epargne', 48, 31);
INSERT INTO OUMAYMA.COMPTE(IDCOMPTE, MONTANTCOMPTE, TYPECOMPTE, IDAGENCE, IDCLIENT) VALUES
(12, 592388676, 'epargne', 46, 23);
INSERT INTO OUMAYMA.COMPTE(IDCOMPTE, MONTANTCOMPTE, TYPECOMPTE, IDAGENCE, IDCLIENT) VALUES
(13, NULL, 'epargne', NULL, 6);
INSERT INTO OUMAYMA.COMPTE(IDCOMPTE, MONTANTCOMPTE, TYPECOMPTE, IDAGENCE, IDCLIENT) VALUES
(14, 612, 'epargne', 26, 29);
INSERT INTO OUMAYMA.COMPTE(IDCOMPTE, MONTANTCOMPTE, TYPECOMPTE, IDAGENCE, IDCLIENT) VALUES
(15, 714549767, NULL, 10, 22);
INSERT INTO OUMAYMA.COMPTE(IDCOMPTE, MONTANTCOMPTE, TYPECOMPTE, IDAGENCE, IDCLIENT) VALUES
(16, 662951303, 'epargne', 39, 17);
INSERT INTO OUMAYMA.COMPTE(IDCOMPTE, MONTANTCOMPTE, TYPECOMPTE, IDAGENCE, IDCLIENT) VALUES
(17, 424983457, 'epargne', 19, 49);
INSERT INTO OUMAYMA.COMPTE(IDCOMPTE, MONTANTCOMPTE, TYPECOMPTE, IDAGENCE, IDCLIENT) VALUES
(18, 0, 'epargne', 24, NULL);
INSERT INTO OUMAYMA.COMPTE(IDCOMPTE, MONTANTCOMPTE, TYPECOMPTE, IDAGENCE, IDCLIENT) VALUES
(19, NULL, 'devise', NULL, NULL);
INSERT INTO OUMAYMA.COMPTE(IDCOMPTE, MONTANTCOMPTE, TYPECOMPTE, IDAGENCE, IDCLIENT) VALUES
(20, 16528853, 'courant', 42, NULL);
INSERT INTO OUMAYMA.COMPTE(IDCOMPTE, MONTANTCOMPTE, TYPECOMPTE, IDAGENCE, IDCLIENT) VALUES
(21, 482868392, NULL, 1, 1);
INSERT INTO OUMAYMA.COMPTE(IDCOMPTE, MONTANTCOMPTE, TYPECOMPTE, IDAGENCE, IDCLIENT) VALUES
(22, 34204448, 'devise', 23, 7);
INSERT INTO OUMAYMA.COMPTE(IDCOMPTE, MONTANTCOMPTE, TYPECOMPTE, IDAGENCE, IDCLIENT) VALUES
(23, 528720018, NULL, 25, 32);
INSERT INTO OUMAYMA.COMPTE(IDCOMPTE, MONTANTCOMPTE, TYPECOMPTE, IDAGENCE, IDCLIENT) VALUES
(24, 39949531, 'epargne', 24, 21);
INSERT INTO OUMAYMA.COMPTE(IDCOMPTE, MONTANTCOMPTE, TYPECOMPTE, IDAGENCE, IDCLIENT) VALUES
(25, 792729965, 'devise', 32, NULL);
INSERT INTO OUMAYMA.COMPTE(IDCOMPTE, MONTANTCOMPTE, TYPECOMPTE, IDAGENCE, IDCLIENT) VALUES
(26, 8, 'courant', 7, 30);
INSERT INTO OUMAYMA.COMPTE(IDCOMPTE, MONTANTCOMPTE, TYPECOMPTE, IDAGENCE, IDCLIENT) VALUES
(27, 869995029, 'devise', 34, 49);
INSERT INTO OUMAYMA.COMPTE(IDCOMPTE, MONTANTCOMPTE, TYPECOMPTE, IDAGENCE, IDCLIENT) VALUES
(28, 487808836, 'courant', 24, 31);
INSERT INTO OUMAYMA.COMPTE(IDCOMPTE, MONTANTCOMPTE, TYPECOMPTE, IDAGENCE, IDCLIENT) VALUES
(29, 590402506, 'courant', 25, 32);
INSERT INTO OUMAYMA.COMPTE(IDCOMPTE, MONTANTCOMPTE, TYPECOMPTE, IDAGENCE, IDCLIENT) VALUES
(30, 64, 'devise', 2, 37);
INSERT INTO OUMAYMA.COMPTE(IDCOMPTE, MONTANTCOMPTE, TYPECOMPTE, IDAGENCE, IDCLIENT) VALUES
(31, 2, 'devise', 16, 32);
INSERT INTO OUMAYMA.COMPTE(IDCOMPTE, MONTANTCOMPTE, TYPECOMPTE, IDAGENCE, IDCLIENT) VALUES
(32, 6309, 'courant', 25, 19);
INSERT INTO OUMAYMA.COMPTE(IDCOMPTE, MONTANTCOMPTE, TYPECOMPTE, IDAGENCE, IDCLIENT) VALUES
(33, 969758911, 'courant', 25, 38);
INSERT INTO OUMAYMA.COMPTE(IDCOMPTE, MONTANTCOMPTE, TYPECOMPTE, IDAGENCE, IDCLIENT) VALUES
(34, 97, 'epargne', 24, 31);
INSERT INTO OUMAYMA.COMPTE(IDCOMPTE, MONTANTCOMPTE, TYPECOMPTE, IDAGENCE, IDCLIENT) VALUES
(35, 913780466, 'epargne', 28, 25);
INSERT INTO OUMAYMA.COMPTE(IDCOMPTE, MONTANTCOMPTE, TYPECOMPTE, IDAGENCE, IDCLIENT) VALUES
(36, 57081482, 'devise', 24, 42);
INSERT INTO OUMAYMA.COMPTE(IDCOMPTE, MONTANTCOMPTE, TYPECOMPTE, IDAGENCE, IDCLIENT) VALUES
(37, 159226770, 'courant', 11, 4);
INSERT INTO OUMAYMA.COMPTE(IDCOMPTE, MONTANTCOMPTE, TYPECOMPTE, IDAGENCE, IDCLIENT) VALUES
(38, NULL, 'courant', NULL, 37);
INSERT INTO OUMAYMA.COMPTE(IDCOMPTE, MONTANTCOMPTE, TYPECOMPTE, IDAGENCE, IDCLIENT) VALUES
(39, 696714451, 'epargne', 39, 24);
INSERT INTO OUMAYMA.COMPTE(IDCOMPTE, MONTANTCOMPTE, TYPECOMPTE, IDAGENCE, IDCLIENT) VALUES
(40, 353790320, 'epargne', 27, 43);
INSERT INTO OUMAYMA.COMPTE(IDCOMPTE, MONTANTCOMPTE, TYPECOMPTE, IDAGENCE, IDCLIENT) VALUES
(41, 39493957, NULL, 43, 44);
INSERT INTO OUMAYMA.COMPTE(IDCOMPTE, MONTANTCOMPTE, TYPECOMPTE, IDAGENCE, IDCLIENT) VALUES
(42, 7023, NULL, 49, 44);
INSERT INTO OUMAYMA.COMPTE(IDCOMPTE, MONTANTCOMPTE, TYPECOMPTE, IDAGENCE, IDCLIENT) VALUES
(43, 62750935, 'courant', 14, 25);
INSERT INTO OUMAYMA.COMPTE(IDCOMPTE, MONTANTCOMPTE, TYPECOMPTE, IDAGENCE, IDCLIENT) VALUES
(44, 2203, 'devise', 7, 50);
INSERT INTO OUMAYMA.COMPTE(IDCOMPTE, MONTANTCOMPTE, TYPECOMPTE, IDAGENCE, IDCLIENT) VALUES
(45, 952494320, 'courant', 10, 50);
INSERT INTO OUMAYMA.COMPTE(IDCOMPTE, MONTANTCOMPTE, TYPECOMPTE, IDAGENCE, IDCLIENT) VALUES
(46, 6, 'devise', 13, 30);
INSERT INTO OUMAYMA.COMPTE(IDCOMPTE, MONTANTCOMPTE, TYPECOMPTE, IDAGENCE, IDCLIENT) VALUES
(47, 18233295, 'courant', 20, 8);
INSERT INTO OUMAYMA.COMPTE(IDCOMPTE, MONTANTCOMPTE, TYPECOMPTE, IDAGENCE, IDCLIENT) VALUES
(48, 574, 'epargne', 26, 37);
INSERT INTO OUMAYMA.COMPTE(IDCOMPTE, MONTANTCOMPTE, TYPECOMPTE, IDAGENCE, IDCLIENT) VALUES
(49, 4, 'epargne', 37, 29);
INSERT INTO OUMAYMA.COMPTE(IDCOMPTE, MONTANTCOMPTE, TYPECOMPTE, IDAGENCE, IDCLIENT) VALUES
(50, NULL, 'epargne', NULL, 24);

--
-- Inserting data into table OUMAYMA.CARTE
--
INSERT INTO OUMAYMA.CARTE(IDCARTE, DATEEXPCARTE, IDCLIENT, IDCOMPTE) VALUES
(1, '01/01/1970 00:00:04', 32, 24);
INSERT INTO OUMAYMA.CARTE(IDCARTE, DATEEXPCARTE, IDCLIENT, IDCOMPTE) VALUES
(2, '06/08/2012 04:49:51', 23, NULL);
INSERT INTO OUMAYMA.CARTE(IDCARTE, DATEEXPCARTE, IDCLIENT, IDCOMPTE) VALUES
(3, '01/01/1970 00:00:08', 41, 21);
INSERT INTO OUMAYMA.CARTE(IDCARTE, DATEEXPCARTE, IDCLIENT, IDCOMPTE) VALUES
(4, '01/22/1975 11:07:35', 21, 28);
INSERT INTO OUMAYMA.CARTE(IDCARTE, DATEEXPCARTE, IDCLIENT, IDCOMPTE) VALUES
(5, '08/15/1998 23:52:48', 32, 34);
INSERT INTO OUMAYMA.CARTE(IDCARTE, DATEEXPCARTE, IDCLIENT, IDCOMPTE) VALUES
(6, NULL, NULL, NULL);
INSERT INTO OUMAYMA.CARTE(IDCARTE, DATEEXPCARTE, IDCLIENT, IDCOMPTE) VALUES
(7, '09/13/2001 05:48:47', 18, 13);
INSERT INTO OUMAYMA.CARTE(IDCARTE, DATEEXPCARTE, IDCLIENT, IDCOMPTE) VALUES
(8, '10/12/2004 20:40:32', 40, 39);
INSERT INTO OUMAYMA.CARTE(IDCARTE, DATEEXPCARTE, IDCLIENT, IDCOMPTE) VALUES
(9, '05/21/2019 02:11:47', 3, 12);
INSERT INTO OUMAYMA.CARTE(IDCARTE, DATEEXPCARTE, IDCLIENT, IDCOMPTE) VALUES
(10, '10/18/1992 18:56:14', 22, 20);
INSERT INTO OUMAYMA.CARTE(IDCARTE, DATEEXPCARTE, IDCLIENT, IDCOMPTE) VALUES
(11, '09/27/1982 02:19:40', 28, 8);
INSERT INTO OUMAYMA.CARTE(IDCARTE, DATEEXPCARTE, IDCLIENT, IDCOMPTE) VALUES
(12, '01/01/1970 00:10:39', 1, 4);
INSERT INTO OUMAYMA.CARTE(IDCARTE, DATEEXPCARTE, IDCLIENT, IDCOMPTE) VALUES
(13, '01/01/1970 00:56:40', 44, NULL);
INSERT INTO OUMAYMA.CARTE(IDCARTE, DATEEXPCARTE, IDCLIENT, IDCOMPTE) VALUES
(14, '01/22/2000 22:10:01', 6, 27);
INSERT INTO OUMAYMA.CARTE(IDCARTE, DATEEXPCARTE, IDCLIENT, IDCOMPTE) VALUES
(15, '01/01/1970 00:01:06', 31, 29);
INSERT INTO OUMAYMA.CARTE(IDCARTE, DATEEXPCARTE, IDCLIENT, IDCOMPTE) VALUES
(16, '01/01/1970 00:06:55', 47, 33);
INSERT INTO OUMAYMA.CARTE(IDCARTE, DATEEXPCARTE, IDCLIENT, IDCOMPTE) VALUES
(17, '04/13/1996 22:49:53', 50, 26);
INSERT INTO OUMAYMA.CARTE(IDCARTE, DATEEXPCARTE, IDCLIENT, IDCOMPTE) VALUES
(18, '01/01/1970 00:00:25', 42, 38);
INSERT INTO OUMAYMA.CARTE(IDCARTE, DATEEXPCARTE, IDCLIENT, IDCOMPTE) VALUES
(19, '06/26/1988 19:23:51', 48, 33);
INSERT INTO OUMAYMA.CARTE(IDCARTE, DATEEXPCARTE, IDCLIENT, IDCOMPTE) VALUES
(20, '06/22/2005 12:13:36', 11, 13);
INSERT INTO OUMAYMA.CARTE(IDCARTE, DATEEXPCARTE, IDCLIENT, IDCOMPTE) VALUES
(21, '01/01/1970 00:57:34', 34, 28);
INSERT INTO OUMAYMA.CARTE(IDCARTE, DATEEXPCARTE, IDCLIENT, IDCOMPTE) VALUES
(22, '01/01/1970 02:09:09', 24, 2);
INSERT INTO OUMAYMA.CARTE(IDCARTE, DATEEXPCARTE, IDCLIENT, IDCOMPTE) VALUES
(23, '05/18/1971 12:58:58', 6, 36);
INSERT INTO OUMAYMA.CARTE(IDCARTE, DATEEXPCARTE, IDCLIENT, IDCOMPTE) VALUES
(24, '01/01/1970 02:25:46', 8, 47);
INSERT INTO OUMAYMA.CARTE(IDCARTE, DATEEXPCARTE, IDCLIENT, IDCOMPTE) VALUES
(25, '08/01/1989 01:06:08', 16, NULL);
INSERT INTO OUMAYMA.CARTE(IDCARTE, DATEEXPCARTE, IDCLIENT, IDCOMPTE) VALUES
(26, '01/01/1970 00:00:10', 18, NULL);
INSERT INTO OUMAYMA.CARTE(IDCARTE, DATEEXPCARTE, IDCLIENT, IDCOMPTE) VALUES
(27, '05/12/1986 15:50:17', 11, 41);
INSERT INTO OUMAYMA.CARTE(IDCARTE, DATEEXPCARTE, IDCLIENT, IDCOMPTE) VALUES
(28, '06/29/1992 18:55:27', 22, 7);
INSERT INTO OUMAYMA.CARTE(IDCARTE, DATEEXPCARTE, IDCLIENT, IDCOMPTE) VALUES
(29, '12/11/1971 13:25:28', 40, 7);
INSERT INTO OUMAYMA.CARTE(IDCARTE, DATEEXPCARTE, IDCLIENT, IDCOMPTE) VALUES
(30, '01/09/1984 09:58:21', 38, 12);
INSERT INTO OUMAYMA.CARTE(IDCARTE, DATEEXPCARTE, IDCLIENT, IDCOMPTE) VALUES
(31, '01/30/1971 19:56:28', 33, 15);
INSERT INTO OUMAYMA.CARTE(IDCARTE, DATEEXPCARTE, IDCLIENT, IDCOMPTE) VALUES
(32, '01/01/1970 00:00:04', 24, 10);
INSERT INTO OUMAYMA.CARTE(IDCARTE, DATEEXPCARTE, IDCLIENT, IDCOMPTE) VALUES
(33, '03/07/2017 13:05:43', 8, 33);
INSERT INTO OUMAYMA.CARTE(IDCARTE, DATEEXPCARTE, IDCLIENT, IDCOMPTE) VALUES
(34, '01/01/1970 00:16:31', 2, 35);
INSERT INTO OUMAYMA.CARTE(IDCARTE, DATEEXPCARTE, IDCLIENT, IDCOMPTE) VALUES
(35, '02/10/2018 01:19:12', 49, 44);
INSERT INTO OUMAYMA.CARTE(IDCARTE, DATEEXPCARTE, IDCLIENT, IDCOMPTE) VALUES
(36, '08/16/2005 06:44:18', 45, 6);
INSERT INTO OUMAYMA.CARTE(IDCARTE, DATEEXPCARTE, IDCLIENT, IDCOMPTE) VALUES
(37, '06/15/1993 08:14:42', 4, 39);
INSERT INTO OUMAYMA.CARTE(IDCARTE, DATEEXPCARTE, IDCLIENT, IDCOMPTE) VALUES
(38, '10/03/2015 16:12:17', 12, 49);
INSERT INTO OUMAYMA.CARTE(IDCARTE, DATEEXPCARTE, IDCLIENT, IDCOMPTE) VALUES
(39, '04/23/1972 07:59:00', 49, 48);
INSERT INTO OUMAYMA.CARTE(IDCARTE, DATEEXPCARTE, IDCLIENT, IDCOMPTE) VALUES
(40, '01/01/1970 00:10:02', 16, 6);
INSERT INTO OUMAYMA.CARTE(IDCARTE, DATEEXPCARTE, IDCLIENT, IDCOMPTE) VALUES
(41, '01/01/1970 01:59:55', 12, 18);
INSERT INTO OUMAYMA.CARTE(IDCARTE, DATEEXPCARTE, IDCLIENT, IDCOMPTE) VALUES
(42, '08/03/1986 01:11:52', 30, 27);
INSERT INTO OUMAYMA.CARTE(IDCARTE, DATEEXPCARTE, IDCLIENT, IDCOMPTE) VALUES
(43, '01/01/1970 00:00:38', 24, 23);
INSERT INTO OUMAYMA.CARTE(IDCARTE, DATEEXPCARTE, IDCLIENT, IDCOMPTE) VALUES
(44, '01/01/1970 00:00:13', 11, 40);
INSERT INTO OUMAYMA.CARTE(IDCARTE, DATEEXPCARTE, IDCLIENT, IDCOMPTE) VALUES
(45, NULL, NULL, 15);
INSERT INTO OUMAYMA.CARTE(IDCARTE, DATEEXPCARTE, IDCLIENT, IDCOMPTE) VALUES
(46, '11/29/1987 19:49:18', 22, 38);
INSERT INTO OUMAYMA.CARTE(IDCARTE, DATEEXPCARTE, IDCLIENT, IDCOMPTE) VALUES
(47, NULL, NULL, 49);
INSERT INTO OUMAYMA.CARTE(IDCARTE, DATEEXPCARTE, IDCLIENT, IDCOMPTE) VALUES
(48, '06/25/2019 21:52:02', 6, 41);
INSERT INTO OUMAYMA.CARTE(IDCARTE, DATEEXPCARTE, IDCLIENT, IDCOMPTE) VALUES
(49, NULL, NULL, 17);
INSERT INTO OUMAYMA.CARTE(IDCARTE, DATEEXPCARTE, IDCLIENT, IDCOMPTE) VALUES
(50, NULL, NULL, 22);

--
-- Inserting data into table OUMAYMA.CHEQUE
--
INSERT INTO OUMAYMA.CHEQUE(IDCHEQUE, DATECHEQUE, IDCLIENT) VALUES
(1, '03/13/1972 22:17:19', 3);
INSERT INTO OUMAYMA.CHEQUE(IDCHEQUE, DATECHEQUE, IDCLIENT) VALUES
(2, '06/23/2010 04:28:11', 23);
INSERT INTO OUMAYMA.CHEQUE(IDCHEQUE, DATECHEQUE, IDCLIENT) VALUES
(3, '03/11/1977 10:21:48', 18);
INSERT INTO OUMAYMA.CHEQUE(IDCHEQUE, DATECHEQUE, IDCLIENT) VALUES
(4, '03/31/2004 14:41:20', 42);
INSERT INTO OUMAYMA.CHEQUE(IDCHEQUE, DATECHEQUE, IDCLIENT) VALUES
(5, '03/26/2008 09:56:51', 20);
INSERT INTO OUMAYMA.CHEQUE(IDCHEQUE, DATECHEQUE, IDCLIENT) VALUES
(6, '02/19/1983 00:09:54', 46);
INSERT INTO OUMAYMA.CHEQUE(IDCHEQUE, DATECHEQUE, IDCLIENT) VALUES
(7, '04/06/1977 10:01:43', 30);
INSERT INTO OUMAYMA.CHEQUE(IDCHEQUE, DATECHEQUE, IDCLIENT) VALUES
(8, '12/19/1979 21:43:36', 18);
INSERT INTO OUMAYMA.CHEQUE(IDCHEQUE, DATECHEQUE, IDCLIENT) VALUES
(9, '01/01/1970 00:08:53', 19);
INSERT INTO OUMAYMA.CHEQUE(IDCHEQUE, DATECHEQUE, IDCLIENT) VALUES
(10, '01/01/1970 00:04:54', 47);
INSERT INTO OUMAYMA.CHEQUE(IDCHEQUE, DATECHEQUE, IDCLIENT) VALUES
(11, '11/29/2003 18:37:49', 39);
INSERT INTO OUMAYMA.CHEQUE(IDCHEQUE, DATECHEQUE, IDCLIENT) VALUES
(12, '02/24/1994 20:21:25', 3);
INSERT INTO OUMAYMA.CHEQUE(IDCHEQUE, DATECHEQUE, IDCLIENT) VALUES
(13, '06/07/1979 22:20:20', 27);
INSERT INTO OUMAYMA.CHEQUE(IDCHEQUE, DATECHEQUE, IDCLIENT) VALUES
(14, NULL, NULL);
INSERT INTO OUMAYMA.CHEQUE(IDCHEQUE, DATECHEQUE, IDCLIENT) VALUES
(15, '01/01/1970 00:00:06', 10);
INSERT INTO OUMAYMA.CHEQUE(IDCHEQUE, DATECHEQUE, IDCLIENT) VALUES
(16, '03/23/2017 12:53:33', 19);
INSERT INTO OUMAYMA.CHEQUE(IDCHEQUE, DATECHEQUE, IDCLIENT) VALUES
(17, '09/12/1970 21:28:41', 2);
INSERT INTO OUMAYMA.CHEQUE(IDCHEQUE, DATECHEQUE, IDCLIENT) VALUES
(18, '01/01/1970 00:08:32', 34);
INSERT INTO OUMAYMA.CHEQUE(IDCHEQUE, DATECHEQUE, IDCLIENT) VALUES
(19, '01/01/1970 02:05:18', 29);
INSERT INTO OUMAYMA.CHEQUE(IDCHEQUE, DATECHEQUE, IDCLIENT) VALUES
(20, '07/28/2017 10:05:02', 24);
INSERT INTO OUMAYMA.CHEQUE(IDCHEQUE, DATECHEQUE, IDCLIENT) VALUES
(21, '04/28/1993 13:28:04', 14);
INSERT INTO OUMAYMA.CHEQUE(IDCHEQUE, DATECHEQUE, IDCLIENT) VALUES
(22, '04/07/1990 07:27:37', 10);
INSERT INTO OUMAYMA.CHEQUE(IDCHEQUE, DATECHEQUE, IDCLIENT) VALUES
(23, '12/05/1978 20:28:02', 33);
INSERT INTO OUMAYMA.CHEQUE(IDCHEQUE, DATECHEQUE, IDCLIENT) VALUES
(24, '09/19/1975 15:40:38', 12);
INSERT INTO OUMAYMA.CHEQUE(IDCHEQUE, DATECHEQUE, IDCLIENT) VALUES
(25, '04/11/1973 01:47:52', 15);
INSERT INTO OUMAYMA.CHEQUE(IDCHEQUE, DATECHEQUE, IDCLIENT) VALUES
(26, '01/06/2018 04:51:58', 34);
INSERT INTO OUMAYMA.CHEQUE(IDCHEQUE, DATECHEQUE, IDCLIENT) VALUES
(27, '01/01/1970 02:03:38', 32);
INSERT INTO OUMAYMA.CHEQUE(IDCHEQUE, DATECHEQUE, IDCLIENT) VALUES
(28, '05/16/1999 20:52:10', 20);
INSERT INTO OUMAYMA.CHEQUE(IDCHEQUE, DATECHEQUE, IDCLIENT) VALUES
(29, '07/07/2014 08:32:09', 34);
INSERT INTO OUMAYMA.CHEQUE(IDCHEQUE, DATECHEQUE, IDCLIENT) VALUES
(30, '01/01/1970 00:00:04', 36);
INSERT INTO OUMAYMA.CHEQUE(IDCHEQUE, DATECHEQUE, IDCLIENT) VALUES
(31, '10/14/1975 07:39:33', 5);
INSERT INTO OUMAYMA.CHEQUE(IDCHEQUE, DATECHEQUE, IDCLIENT) VALUES
(32, '03/01/2002 02:04:07', 16);
INSERT INTO OUMAYMA.CHEQUE(IDCHEQUE, DATECHEQUE, IDCLIENT) VALUES
(33, '04/12/2010 23:11:22', 8);
INSERT INTO OUMAYMA.CHEQUE(IDCHEQUE, DATECHEQUE, IDCLIENT) VALUES
(34, NULL, NULL);
INSERT INTO OUMAYMA.CHEQUE(IDCHEQUE, DATECHEQUE, IDCLIENT) VALUES
(35, '10/04/2020 06:48:22', 10);
INSERT INTO OUMAYMA.CHEQUE(IDCHEQUE, DATECHEQUE, IDCLIENT) VALUES
(36, '01/01/1970 00:09:09', 22);
INSERT INTO OUMAYMA.CHEQUE(IDCHEQUE, DATECHEQUE, IDCLIENT) VALUES
(37, '01/01/1970 01:37:34', 1);
INSERT INTO OUMAYMA.CHEQUE(IDCHEQUE, DATECHEQUE, IDCLIENT) VALUES
(38, '01/01/1970 02:37:34', 41);
INSERT INTO OUMAYMA.CHEQUE(IDCHEQUE, DATECHEQUE, IDCLIENT) VALUES
(39, '08/30/2006 20:32:52', 13);
INSERT INTO OUMAYMA.CHEQUE(IDCHEQUE, DATECHEQUE, IDCLIENT) VALUES
(40, '09/25/2008 16:53:55', 41);
INSERT INTO OUMAYMA.CHEQUE(IDCHEQUE, DATECHEQUE, IDCLIENT) VALUES
(41, '08/25/2004 17:54:29', 5);
INSERT INTO OUMAYMA.CHEQUE(IDCHEQUE, DATECHEQUE, IDCLIENT) VALUES
(42, '08/10/2012 03:16:32', 30);
INSERT INTO OUMAYMA.CHEQUE(IDCHEQUE, DATECHEQUE, IDCLIENT) VALUES
(43, '01/01/1970 02:04:26', 3);
INSERT INTO OUMAYMA.CHEQUE(IDCHEQUE, DATECHEQUE, IDCLIENT) VALUES
(44, '05/31/2012 12:27:20', 44);
INSERT INTO OUMAYMA.CHEQUE(IDCHEQUE, DATECHEQUE, IDCLIENT) VALUES
(45, '01/05/1993 20:05:36', 4);
INSERT INTO OUMAYMA.CHEQUE(IDCHEQUE, DATECHEQUE, IDCLIENT) VALUES
(46, '07/28/2012 14:47:15', 25);
INSERT INTO OUMAYMA.CHEQUE(IDCHEQUE, DATECHEQUE, IDCLIENT) VALUES
(47, '03/26/2000 20:45:54', 34);
INSERT INTO OUMAYMA.CHEQUE(IDCHEQUE, DATECHEQUE, IDCLIENT) VALUES
(48, NULL, NULL);
INSERT INTO OUMAYMA.CHEQUE(IDCHEQUE, DATECHEQUE, IDCLIENT) VALUES
(49, NULL, NULL);
INSERT INTO OUMAYMA.CHEQUE(IDCHEQUE, DATECHEQUE, IDCLIENT) VALUES
(50, NULL, NULL);

--
-- Inserting data into table OUMAYMA.COMPTECOURANT
--
INSERT INTO OUMAYMA.COMPTECOURANT(IDCOMPTECOURANT, SOLDE) VALUES
(13, NULL);
INSERT INTO OUMAYMA.COMPTECOURANT(IDCOMPTECOURANT, SOLDE) VALUES
(24, 392829265);
INSERT INTO OUMAYMA.COMPTECOURANT(IDCOMPTECOURANT, SOLDE) VALUES
(50, 423493894);
INSERT INTO OUMAYMA.COMPTECOURANT(IDCOMPTECOURANT, SOLDE) VALUES
(30, 4632753);
INSERT INTO OUMAYMA.COMPTECOURANT(IDCOMPTECOURANT, SOLDE) VALUES
(19, 988002565);
INSERT INTO OUMAYMA.COMPTECOURANT(IDCOMPTECOURANT, SOLDE) VALUES
(42, 906062325);
INSERT INTO OUMAYMA.COMPTECOURANT(IDCOMPTECOURANT, SOLDE) VALUES
(49, 557656926);
INSERT INTO OUMAYMA.COMPTECOURANT(IDCOMPTECOURANT, SOLDE) VALUES
(37, 136559458);
INSERT INTO OUMAYMA.COMPTECOURANT(IDCOMPTECOURANT, SOLDE) VALUES
(9, 197);
INSERT INTO OUMAYMA.COMPTECOURANT(IDCOMPTECOURANT, SOLDE) VALUES
(43, 879826863);
INSERT INTO OUMAYMA.COMPTECOURANT(IDCOMPTECOURANT, SOLDE) VALUES
(38, 664915215);
INSERT INTO OUMAYMA.COMPTECOURANT(IDCOMPTECOURANT, SOLDE) VALUES
(14, 438055856);
INSERT INTO OUMAYMA.COMPTECOURANT(IDCOMPTECOURANT, SOLDE) VALUES
(25, 187879595);
INSERT INTO OUMAYMA.COMPTECOURANT(IDCOMPTECOURANT, SOLDE) VALUES
(4, 869310706);
INSERT INTO OUMAYMA.COMPTECOURANT(IDCOMPTECOURANT, SOLDE) VALUES
(44, 305832046);
INSERT INTO OUMAYMA.COMPTECOURANT(IDCOMPTECOURANT, SOLDE) VALUES
(10, 481856119);
INSERT INTO OUMAYMA.COMPTECOURANT(IDCOMPTECOURANT, SOLDE) VALUES
(20, 315634845);
INSERT INTO OUMAYMA.COMPTECOURANT(IDCOMPTECOURANT, SOLDE) VALUES
(5, 814444206);
INSERT INTO OUMAYMA.COMPTECOURANT(IDCOMPTECOURANT, SOLDE) VALUES
(39, 478556561);
INSERT INTO OUMAYMA.COMPTECOURANT(IDCOMPTECOURANT, SOLDE) VALUES
(34, 500414751);
INSERT INTO OUMAYMA.COMPTECOURANT(IDCOMPTECOURANT, SOLDE) VALUES
(31, 4217);
INSERT INTO OUMAYMA.COMPTECOURANT(IDCOMPTECOURANT, SOLDE) VALUES
(11, 890112350);
INSERT INTO OUMAYMA.COMPTECOURANT(IDCOMPTECOURANT, SOLDE) VALUES
(6, 9);
INSERT INTO OUMAYMA.COMPTECOURANT(IDCOMPTECOURANT, SOLDE) VALUES
(1, 899644271);
INSERT INTO OUMAYMA.COMPTECOURANT(IDCOMPTECOURANT, SOLDE) VALUES
(26, 967126692);
INSERT INTO OUMAYMA.COMPTECOURANT(IDCOMPTECOURANT, SOLDE) VALUES
(47, NULL);
INSERT INTO OUMAYMA.COMPTECOURANT(IDCOMPTECOURANT, SOLDE) VALUES
(15, 313440308);
INSERT INTO OUMAYMA.COMPTECOURANT(IDCOMPTECOURANT, SOLDE) VALUES
(32, 7296);
INSERT INTO OUMAYMA.COMPTECOURANT(IDCOMPTECOURANT, SOLDE) VALUES
(40, 761819078);
INSERT INTO OUMAYMA.COMPTECOURANT(IDCOMPTECOURANT, SOLDE) VALUES
(45, 402368529);
INSERT INTO OUMAYMA.COMPTECOURANT(IDCOMPTECOURANT, SOLDE) VALUES
(48, NULL);
INSERT INTO OUMAYMA.COMPTECOURANT(IDCOMPTECOURANT, SOLDE) VALUES
(7, 422828071);
INSERT INTO OUMAYMA.COMPTECOURANT(IDCOMPTECOURANT, SOLDE) VALUES
(21, 140);
INSERT INTO OUMAYMA.COMPTECOURANT(IDCOMPTECOURANT, SOLDE) VALUES
(2, 72022515);
INSERT INTO OUMAYMA.COMPTECOURANT(IDCOMPTECOURANT, SOLDE) VALUES
(35, 364396550);
INSERT INTO OUMAYMA.COMPTECOURANT(IDCOMPTECOURANT, SOLDE) VALUES
(27, 385074114);
INSERT INTO OUMAYMA.COMPTECOURANT(IDCOMPTECOURANT, SOLDE) VALUES
(16, 319307314);
INSERT INTO OUMAYMA.COMPTECOURANT(IDCOMPTECOURANT, SOLDE) VALUES
(22, 646774246);
INSERT INTO OUMAYMA.COMPTECOURANT(IDCOMPTECOURANT, SOLDE) VALUES
(8, 744652908);
INSERT INTO OUMAYMA.COMPTECOURANT(IDCOMPTECOURANT, SOLDE) VALUES
(17, 580457483);
INSERT INTO OUMAYMA.COMPTECOURANT(IDCOMPTECOURANT, SOLDE) VALUES
(46, 799295733);
INSERT INTO OUMAYMA.COMPTECOURANT(IDCOMPTECOURANT, SOLDE) VALUES
(41, 836035689);
INSERT INTO OUMAYMA.COMPTECOURANT(IDCOMPTECOURANT, SOLDE) VALUES
(36, 3);
INSERT INTO OUMAYMA.COMPTECOURANT(IDCOMPTECOURANT, SOLDE) VALUES
(33, 967937724);
INSERT INTO OUMAYMA.COMPTECOURANT(IDCOMPTECOURANT, SOLDE) VALUES
(3, 886333477);
INSERT INTO OUMAYMA.COMPTECOURANT(IDCOMPTECOURANT, SOLDE) VALUES
(12, 331398647);
INSERT INTO OUMAYMA.COMPTECOURANT(IDCOMPTECOURANT, SOLDE) VALUES
(18, 941);
INSERT INTO OUMAYMA.COMPTECOURANT(IDCOMPTECOURANT, SOLDE) VALUES
(28, 268781446);
INSERT INTO OUMAYMA.COMPTECOURANT(IDCOMPTECOURANT, SOLDE) VALUES
(23, NULL);
INSERT INTO OUMAYMA.COMPTECOURANT(IDCOMPTECOURANT, SOLDE) VALUES
(29, NULL);

--
-- Inserting data into table OUMAYMA.COMPTEDEVISE
--
INSERT INTO OUMAYMA.COMPTEDEVISE(IDCOMPTEDEVISE, FLUXTRANSACTION) VALUES
(50, 1);
INSERT INTO OUMAYMA.COMPTEDEVISE(IDCOMPTEDEVISE, FLUXTRANSACTION) VALUES
(46, 927739959);
INSERT INTO OUMAYMA.COMPTEDEVISE(IDCOMPTEDEVISE, FLUXTRANSACTION) VALUES
(32, 37758337);
INSERT INTO OUMAYMA.COMPTEDEVISE(IDCOMPTEDEVISE, FLUXTRANSACTION) VALUES
(39, 6012);
INSERT INTO OUMAYMA.COMPTEDEVISE(IDCOMPTEDEVISE, FLUXTRANSACTION) VALUES
(49, 3);
INSERT INTO OUMAYMA.COMPTEDEVISE(IDCOMPTEDEVISE, FLUXTRANSACTION) VALUES
(27, 378249385);
INSERT INTO OUMAYMA.COMPTEDEVISE(IDCOMPTEDEVISE, FLUXTRANSACTION) VALUES
(3, 205866370);
INSERT INTO OUMAYMA.COMPTEDEVISE(IDCOMPTEDEVISE, FLUXTRANSACTION) VALUES
(34, NULL);
INSERT INTO OUMAYMA.COMPTEDEVISE(IDCOMPTEDEVISE, FLUXTRANSACTION) VALUES
(22, 182072190);
INSERT INTO OUMAYMA.COMPTEDEVISE(IDCOMPTEDEVISE, FLUXTRANSACTION) VALUES
(47, 471929891);
INSERT INTO OUMAYMA.COMPTEDEVISE(IDCOMPTEDEVISE, FLUXTRANSACTION) VALUES
(45, 321595963);
INSERT INTO OUMAYMA.COMPTEDEVISE(IDCOMPTEDEVISE, FLUXTRANSACTION) VALUES
(48, 588);
INSERT INTO OUMAYMA.COMPTEDEVISE(IDCOMPTEDEVISE, FLUXTRANSACTION) VALUES
(40, 497623848);
INSERT INTO OUMAYMA.COMPTEDEVISE(IDCOMPTEDEVISE, FLUXTRANSACTION) VALUES
(17, 57);
INSERT INTO OUMAYMA.COMPTEDEVISE(IDCOMPTEDEVISE, FLUXTRANSACTION) VALUES
(9, 70321702);
INSERT INTO OUMAYMA.COMPTEDEVISE(IDCOMPTEDEVISE, FLUXTRANSACTION) VALUES
(33, 199603598);
INSERT INTO OUMAYMA.COMPTEDEVISE(IDCOMPTEDEVISE, FLUXTRANSACTION) VALUES
(4, 792);
INSERT INTO OUMAYMA.COMPTEDEVISE(IDCOMPTEDEVISE, FLUXTRANSACTION) VALUES
(28, 8612);
INSERT INTO OUMAYMA.COMPTEDEVISE(IDCOMPTEDEVISE, FLUXTRANSACTION) VALUES
(35, 556900179);
INSERT INTO OUMAYMA.COMPTEDEVISE(IDCOMPTEDEVISE, FLUXTRANSACTION) VALUES
(12, 958588975);
INSERT INTO OUMAYMA.COMPTEDEVISE(IDCOMPTEDEVISE, FLUXTRANSACTION) VALUES
(18, 752100196);
INSERT INTO OUMAYMA.COMPTEDEVISE(IDCOMPTEDEVISE, FLUXTRANSACTION) VALUES
(13, 992);
INSERT INTO OUMAYMA.COMPTEDEVISE(IDCOMPTEDEVISE, FLUXTRANSACTION) VALUES
(10, 7655);
INSERT INTO OUMAYMA.COMPTEDEVISE(IDCOMPTEDEVISE, FLUXTRANSACTION) VALUES
(5, 631953812);
INSERT INTO OUMAYMA.COMPTEDEVISE(IDCOMPTEDEVISE, FLUXTRANSACTION) VALUES
(19, 7);
INSERT INTO OUMAYMA.COMPTEDEVISE(IDCOMPTEDEVISE, FLUXTRANSACTION) VALUES
(41, 342053180);
INSERT INTO OUMAYMA.COMPTEDEVISE(IDCOMPTEDEVISE, FLUXTRANSACTION) VALUES
(23, 287261937);
INSERT INTO OUMAYMA.COMPTEDEVISE(IDCOMPTEDEVISE, FLUXTRANSACTION) VALUES
(14, 418893865);
INSERT INTO OUMAYMA.COMPTEDEVISE(IDCOMPTEDEVISE, FLUXTRANSACTION) VALUES
(36, 554185345);
INSERT INTO OUMAYMA.COMPTEDEVISE(IDCOMPTEDEVISE, FLUXTRANSACTION) VALUES
(29, 555262097);
INSERT INTO OUMAYMA.COMPTEDEVISE(IDCOMPTEDEVISE, FLUXTRANSACTION) VALUES
(24, 606812098);
INSERT INTO OUMAYMA.COMPTEDEVISE(IDCOMPTEDEVISE, FLUXTRANSACTION) VALUES
(42, 0);
INSERT INTO OUMAYMA.COMPTEDEVISE(IDCOMPTEDEVISE, FLUXTRANSACTION) VALUES
(30, 99);
INSERT INTO OUMAYMA.COMPTEDEVISE(IDCOMPTEDEVISE, FLUXTRANSACTION) VALUES
(25, 784456878);
INSERT INTO OUMAYMA.COMPTEDEVISE(IDCOMPTEDEVISE, FLUXTRANSACTION) VALUES
(11, 39);
INSERT INTO OUMAYMA.COMPTEDEVISE(IDCOMPTEDEVISE, FLUXTRANSACTION) VALUES
(20, 926718973);
INSERT INTO OUMAYMA.COMPTEDEVISE(IDCOMPTEDEVISE, FLUXTRANSACTION) VALUES
(6, 396);
INSERT INTO OUMAYMA.COMPTEDEVISE(IDCOMPTEDEVISE, FLUXTRANSACTION) VALUES
(15, 785386943);
INSERT INTO OUMAYMA.COMPTEDEVISE(IDCOMPTEDEVISE, FLUXTRANSACTION) VALUES
(31, 383170203);
INSERT INTO OUMAYMA.COMPTEDEVISE(IDCOMPTEDEVISE, FLUXTRANSACTION) VALUES
(37, 368743625);
INSERT INTO OUMAYMA.COMPTEDEVISE(IDCOMPTEDEVISE, FLUXTRANSACTION) VALUES
(21, 9);
INSERT INTO OUMAYMA.COMPTEDEVISE(IDCOMPTEDEVISE, FLUXTRANSACTION) VALUES
(43, 309120165);
INSERT INTO OUMAYMA.COMPTEDEVISE(IDCOMPTEDEVISE, FLUXTRANSACTION) VALUES
(16, 800104239);
INSERT INTO OUMAYMA.COMPTEDEVISE(IDCOMPTEDEVISE, FLUXTRANSACTION) VALUES
(26, 315767019);
INSERT INTO OUMAYMA.COMPTEDEVISE(IDCOMPTEDEVISE, FLUXTRANSACTION) VALUES
(38, 80);
INSERT INTO OUMAYMA.COMPTEDEVISE(IDCOMPTEDEVISE, FLUXTRANSACTION) VALUES
(44, 478542230);
INSERT INTO OUMAYMA.COMPTEDEVISE(IDCOMPTEDEVISE, FLUXTRANSACTION) VALUES
(1, NULL);
INSERT INTO OUMAYMA.COMPTEDEVISE(IDCOMPTEDEVISE, FLUXTRANSACTION) VALUES
(7, NULL);
INSERT INTO OUMAYMA.COMPTEDEVISE(IDCOMPTEDEVISE, FLUXTRANSACTION) VALUES
(2, NULL);
INSERT INTO OUMAYMA.COMPTEDEVISE(IDCOMPTEDEVISE, FLUXTRANSACTION) VALUES
(8, NULL);

--
-- Inserting data into table OUMAYMA.COMPTEEPARGNE
--
INSERT INTO OUMAYMA.COMPTEEPARGNE(IDCOMPTEEPARGNE, INTERETANNUEL) VALUES
(46, 74846983);
INSERT INTO OUMAYMA.COMPTEEPARGNE(IDCOMPTEEPARGNE, INTERETANNUEL) VALUES
(5, 276214208);
INSERT INTO OUMAYMA.COMPTEEPARGNE(IDCOMPTEEPARGNE, INTERETANNUEL) VALUES
(50, 97804721);
INSERT INTO OUMAYMA.COMPTEEPARGNE(IDCOMPTEEPARGNE, INTERETANNUEL) VALUES
(37, 2);
INSERT INTO OUMAYMA.COMPTEEPARGNE(IDCOMPTEEPARGNE, INTERETANNUEL) VALUES
(13, 379712953);
INSERT INTO OUMAYMA.COMPTEEPARGNE(IDCOMPTEEPARGNE, INTERETANNUEL) VALUES
(31, 776741696);
INSERT INTO OUMAYMA.COMPTEEPARGNE(IDCOMPTEEPARGNE, INTERETANNUEL) VALUES
(26, 288148589);
INSERT INTO OUMAYMA.COMPTEEPARGNE(IDCOMPTEEPARGNE, INTERETANNUEL) VALUES
(43, 877581175);
INSERT INTO OUMAYMA.COMPTEEPARGNE(IDCOMPTEEPARGNE, INTERETANNUEL) VALUES
(19, 397241234);
INSERT INTO OUMAYMA.COMPTEEPARGNE(IDCOMPTEEPARGNE, INTERETANNUEL) VALUES
(49, 119917762);
INSERT INTO OUMAYMA.COMPTEEPARGNE(IDCOMPTEEPARGNE, INTERETANNUEL) VALUES
(47, 156594645);
INSERT INTO OUMAYMA.COMPTEEPARGNE(IDCOMPTEEPARGNE, INTERETANNUEL) VALUES
(11, 149954377);
INSERT INTO OUMAYMA.COMPTEEPARGNE(IDCOMPTEEPARGNE, INTERETANNUEL) VALUES
(32, 896380918);
INSERT INTO OUMAYMA.COMPTEEPARGNE(IDCOMPTEEPARGNE, INTERETANNUEL) VALUES
(27, 497944245);
INSERT INTO OUMAYMA.COMPTEEPARGNE(IDCOMPTEEPARGNE, INTERETANNUEL) VALUES
(14, 34107385);
INSERT INTO OUMAYMA.COMPTEEPARGNE(IDCOMPTEEPARGNE, INTERETANNUEL) VALUES
(20, 277623125);
INSERT INTO OUMAYMA.COMPTEEPARGNE(IDCOMPTEEPARGNE, INTERETANNUEL) VALUES
(45, 44021007);
INSERT INTO OUMAYMA.COMPTEEPARGNE(IDCOMPTEEPARGNE, INTERETANNUEL) VALUES
(15, 169657051);
INSERT INTO OUMAYMA.COMPTEEPARGNE(IDCOMPTEEPARGNE, INTERETANNUEL) VALUES
(21, 830146500);
INSERT INTO OUMAYMA.COMPTEEPARGNE(IDCOMPTEEPARGNE, INTERETANNUEL) VALUES
(38, 5834);
INSERT INTO OUMAYMA.COMPTEEPARGNE(IDCOMPTEEPARGNE, INTERETANNUEL) VALUES
(6, 766241438);
INSERT INTO OUMAYMA.COMPTEEPARGNE(IDCOMPTEEPARGNE, INTERETANNUEL) VALUES
(44, 445003266);
INSERT INTO OUMAYMA.COMPTEEPARGNE(IDCOMPTEEPARGNE, INTERETANNUEL) VALUES
(39, 11933979);
INSERT INTO OUMAYMA.COMPTEEPARGNE(IDCOMPTEEPARGNE, INTERETANNUEL) VALUES
(1, 3);
INSERT INTO OUMAYMA.COMPTEEPARGNE(IDCOMPTEEPARGNE, INTERETANNUEL) VALUES
(33, 347);
INSERT INTO OUMAYMA.COMPTEEPARGNE(IDCOMPTEEPARGNE, INTERETANNUEL) VALUES
(34, NULL);
INSERT INTO OUMAYMA.COMPTEEPARGNE(IDCOMPTEEPARGNE, INTERETANNUEL) VALUES
(28, 130797333);
INSERT INTO OUMAYMA.COMPTEEPARGNE(IDCOMPTEEPARGNE, INTERETANNUEL) VALUES
(48, 48159655);
INSERT INTO OUMAYMA.COMPTEEPARGNE(IDCOMPTEEPARGNE, INTERETANNUEL) VALUES
(7, NULL);
INSERT INTO OUMAYMA.COMPTEEPARGNE(IDCOMPTEEPARGNE, INTERETANNUEL) VALUES
(23, 71);
INSERT INTO OUMAYMA.COMPTEEPARGNE(IDCOMPTEEPARGNE, INTERETANNUEL) VALUES
(16, 637386714);
INSERT INTO OUMAYMA.COMPTEEPARGNE(IDCOMPTEEPARGNE, INTERETANNUEL) VALUES
(2, 960452837);
INSERT INTO OUMAYMA.COMPTEEPARGNE(IDCOMPTEEPARGNE, INTERETANNUEL) VALUES
(22, 10);
INSERT INTO OUMAYMA.COMPTEEPARGNE(IDCOMPTEEPARGNE, INTERETANNUEL) VALUES
(17, 375525394);
INSERT INTO OUMAYMA.COMPTEEPARGNE(IDCOMPTEEPARGNE, INTERETANNUEL) VALUES
(12, 314404192);
INSERT INTO OUMAYMA.COMPTEEPARGNE(IDCOMPTEEPARGNE, INTERETANNUEL) VALUES
(18, 732842405);
INSERT INTO OUMAYMA.COMPTEEPARGNE(IDCOMPTEEPARGNE, INTERETANNUEL) VALUES
(40, 647);
INSERT INTO OUMAYMA.COMPTEEPARGNE(IDCOMPTEEPARGNE, INTERETANNUEL) VALUES
(29, 4);
INSERT INTO OUMAYMA.COMPTEEPARGNE(IDCOMPTEEPARGNE, INTERETANNUEL) VALUES
(35, 176776557);
INSERT INTO OUMAYMA.COMPTEEPARGNE(IDCOMPTEEPARGNE, INTERETANNUEL) VALUES
(24, 469866286);
INSERT INTO OUMAYMA.COMPTEEPARGNE(IDCOMPTEEPARGNE, INTERETANNUEL) VALUES
(41, 425146193);
INSERT INTO OUMAYMA.COMPTEEPARGNE(IDCOMPTEEPARGNE, INTERETANNUEL) VALUES
(8, 25);
INSERT INTO OUMAYMA.COMPTEEPARGNE(IDCOMPTEEPARGNE, INTERETANNUEL) VALUES
(36, 943341242);
INSERT INTO OUMAYMA.COMPTEEPARGNE(IDCOMPTEEPARGNE, INTERETANNUEL) VALUES
(3, 1481);
INSERT INTO OUMAYMA.COMPTEEPARGNE(IDCOMPTEEPARGNE, INTERETANNUEL) VALUES
(9, 550322014);
INSERT INTO OUMAYMA.COMPTEEPARGNE(IDCOMPTEEPARGNE, INTERETANNUEL) VALUES
(42, 87);
INSERT INTO OUMAYMA.COMPTEEPARGNE(IDCOMPTEEPARGNE, INTERETANNUEL) VALUES
(30, 638101183);
INSERT INTO OUMAYMA.COMPTEEPARGNE(IDCOMPTEEPARGNE, INTERETANNUEL) VALUES
(4, NULL);
INSERT INTO OUMAYMA.COMPTEEPARGNE(IDCOMPTEEPARGNE, INTERETANNUEL) VALUES
(10, NULL);
INSERT INTO OUMAYMA.COMPTEEPARGNE(IDCOMPTEEPARGNE, INTERETANNUEL) VALUES
(25, NULL);

--
-- Inserting data into table OUMAYMA.PARRAINAGE
--
INSERT INTO OUMAYMA.PARRAINAGE(IDCLIENTPARRAIN, IDCLIENTFILLEUL, INTERETANNUEL) VALUES
(47, 47, 674090523);
INSERT INTO OUMAYMA.PARRAINAGE(IDCLIENTPARRAIN, IDCLIENTFILLEUL, INTERETANNUEL) VALUES
(9, 9, 569);
INSERT INTO OUMAYMA.PARRAINAGE(IDCLIENTPARRAIN, IDCLIENTFILLEUL, INTERETANNUEL) VALUES
(18, 18, 48668578);
INSERT INTO OUMAYMA.PARRAINAGE(IDCLIENTPARRAIN, IDCLIENTFILLEUL, INTERETANNUEL) VALUES
(4, 4, 328808045);
INSERT INTO OUMAYMA.PARRAINAGE(IDCLIENTPARRAIN, IDCLIENTFILLEUL, INTERETANNUEL) VALUES
(28, 28, 5247);
INSERT INTO OUMAYMA.PARRAINAGE(IDCLIENTPARRAIN, IDCLIENTFILLEUL, INTERETANNUEL) VALUES
(50, 50, 5);
INSERT INTO OUMAYMA.PARRAINAGE(IDCLIENTPARRAIN, IDCLIENTFILLEUL, INTERETANNUEL) VALUES
(45, 45, 898428200);
INSERT INTO OUMAYMA.PARRAINAGE(IDCLIENTPARRAIN, IDCLIENTFILLEUL, INTERETANNUEL) VALUES
(48, 48, 5778);
INSERT INTO OUMAYMA.PARRAINAGE(IDCLIENTPARRAIN, IDCLIENTFILLEUL, INTERETANNUEL) VALUES
(46, 46, 900006795);
INSERT INTO OUMAYMA.PARRAINAGE(IDCLIENTPARRAIN, IDCLIENTFILLEUL, INTERETANNUEL) VALUES
(23, 23, 0);
INSERT INTO OUMAYMA.PARRAINAGE(IDCLIENTPARRAIN, IDCLIENTFILLEUL, INTERETANNUEL) VALUES
(13, 13, 309869819);
INSERT INTO OUMAYMA.PARRAINAGE(IDCLIENTPARRAIN, IDCLIENTFILLEUL, INTERETANNUEL) VALUES
(19, 19, 794186588);
INSERT INTO OUMAYMA.PARRAINAGE(IDCLIENTPARRAIN, IDCLIENTFILLEUL, INTERETANNUEL) VALUES
(42, 42, 753486510);
INSERT INTO OUMAYMA.PARRAINAGE(IDCLIENTPARRAIN, IDCLIENTFILLEUL, INTERETANNUEL) VALUES
(14, 14, 5181);
INSERT INTO OUMAYMA.PARRAINAGE(IDCLIENTPARRAIN, IDCLIENTFILLEUL, INTERETANNUEL) VALUES
(20, 20, 845891200);
INSERT INTO OUMAYMA.PARRAINAGE(IDCLIENTPARRAIN, IDCLIENTFILLEUL, INTERETANNUEL) VALUES
(49, 49, 822045944);
INSERT INTO OUMAYMA.PARRAINAGE(IDCLIENTPARRAIN, IDCLIENTFILLEUL, INTERETANNUEL) VALUES
(15, 15, NULL);
INSERT INTO OUMAYMA.PARRAINAGE(IDCLIENTPARRAIN, IDCLIENTFILLEUL, INTERETANNUEL) VALUES
(37, 37, NULL);
INSERT INTO OUMAYMA.PARRAINAGE(IDCLIENTPARRAIN, IDCLIENTFILLEUL, INTERETANNUEL) VALUES
(43, 43, 782848723);
INSERT INTO OUMAYMA.PARRAINAGE(IDCLIENTPARRAIN, IDCLIENTFILLEUL, INTERETANNUEL) VALUES
(21, 21, 944797837);
INSERT INTO OUMAYMA.PARRAINAGE(IDCLIENTPARRAIN, IDCLIENTFILLEUL, INTERETANNUEL) VALUES
(29, 29, 586305625);
INSERT INTO OUMAYMA.PARRAINAGE(IDCLIENTPARRAIN, IDCLIENTFILLEUL, INTERETANNUEL) VALUES
(38, 38, 7808);
INSERT INTO OUMAYMA.PARRAINAGE(IDCLIENTPARRAIN, IDCLIENTFILLEUL, INTERETANNUEL) VALUES
(10, 10, 608);
INSERT INTO OUMAYMA.PARRAINAGE(IDCLIENTPARRAIN, IDCLIENTFILLEUL, INTERETANNUEL) VALUES
(16, 16, 540097931);
INSERT INTO OUMAYMA.PARRAINAGE(IDCLIENTPARRAIN, IDCLIENTFILLEUL, INTERETANNUEL) VALUES
(5, 5, 289394331);
INSERT INTO OUMAYMA.PARRAINAGE(IDCLIENTPARRAIN, IDCLIENTFILLEUL, INTERETANNUEL) VALUES
(11, 11, 78);
INSERT INTO OUMAYMA.PARRAINAGE(IDCLIENTPARRAIN, IDCLIENTFILLEUL, INTERETANNUEL) VALUES
(24, 24, 583961514);
INSERT INTO OUMAYMA.PARRAINAGE(IDCLIENTPARRAIN, IDCLIENTFILLEUL, INTERETANNUEL) VALUES
(30, 30, 204994488);
INSERT INTO OUMAYMA.PARRAINAGE(IDCLIENTPARRAIN, IDCLIENTFILLEUL, INTERETANNUEL) VALUES
(25, 25, 367447733);
INSERT INTO OUMAYMA.PARRAINAGE(IDCLIENTPARRAIN, IDCLIENTFILLEUL, INTERETANNUEL) VALUES
(22, 22, 842);
INSERT INTO OUMAYMA.PARRAINAGE(IDCLIENTPARRAIN, IDCLIENTFILLEUL, INTERETANNUEL) VALUES
(44, 44, 767887842);
INSERT INTO OUMAYMA.PARRAINAGE(IDCLIENTPARRAIN, IDCLIENTFILLEUL, INTERETANNUEL) VALUES
(6, 6, 357844549);
INSERT INTO OUMAYMA.PARRAINAGE(IDCLIENTPARRAIN, IDCLIENTFILLEUL, INTERETANNUEL) VALUES
(31, 31, 836);
INSERT INTO OUMAYMA.PARRAINAGE(IDCLIENTPARRAIN, IDCLIENTFILLEUL, INTERETANNUEL) VALUES
(39, 39, 9631);
INSERT INTO OUMAYMA.PARRAINAGE(IDCLIENTPARRAIN, IDCLIENTFILLEUL, INTERETANNUEL) VALUES
(26, 26, NULL);
INSERT INTO OUMAYMA.PARRAINAGE(IDCLIENTPARRAIN, IDCLIENTFILLEUL, INTERETANNUEL) VALUES
(32, 32, 329610243);
INSERT INTO OUMAYMA.PARRAINAGE(IDCLIENTPARRAIN, IDCLIENTFILLEUL, INTERETANNUEL) VALUES
(17, 17, 5812);
INSERT INTO OUMAYMA.PARRAINAGE(IDCLIENTPARRAIN, IDCLIENTFILLEUL, INTERETANNUEL) VALUES
(12, 12, 55045703);
INSERT INTO OUMAYMA.PARRAINAGE(IDCLIENTPARRAIN, IDCLIENTFILLEUL, INTERETANNUEL) VALUES
(1, 1, 65971118);
INSERT INTO OUMAYMA.PARRAINAGE(IDCLIENTPARRAIN, IDCLIENTFILLEUL, INTERETANNUEL) VALUES
(34, 34, 634017634);
INSERT INTO OUMAYMA.PARRAINAGE(IDCLIENTPARRAIN, IDCLIENTFILLEUL, INTERETANNUEL) VALUES
(40, 40, 446804439);
INSERT INTO OUMAYMA.PARRAINAGE(IDCLIENTPARRAIN, IDCLIENTFILLEUL, INTERETANNUEL) VALUES
(27, 27, 987861546);
INSERT INTO OUMAYMA.PARRAINAGE(IDCLIENTPARRAIN, IDCLIENTFILLEUL, INTERETANNUEL) VALUES
(33, 33, 263358365);
INSERT INTO OUMAYMA.PARRAINAGE(IDCLIENTPARRAIN, IDCLIENTFILLEUL, INTERETANNUEL) VALUES
(7, 7, 89);
INSERT INTO OUMAYMA.PARRAINAGE(IDCLIENTPARRAIN, IDCLIENTFILLEUL, INTERETANNUEL) VALUES
(35, 35, NULL);
INSERT INTO OUMAYMA.PARRAINAGE(IDCLIENTPARRAIN, IDCLIENTFILLEUL, INTERETANNUEL) VALUES
(41, 41, 425057150);
INSERT INTO OUMAYMA.PARRAINAGE(IDCLIENTPARRAIN, IDCLIENTFILLEUL, INTERETANNUEL) VALUES
(36, 36, 5491);
INSERT INTO OUMAYMA.PARRAINAGE(IDCLIENTPARRAIN, IDCLIENTFILLEUL, INTERETANNUEL) VALUES
(2, 2, 786054426);
INSERT INTO OUMAYMA.PARRAINAGE(IDCLIENTPARRAIN, IDCLIENTFILLEUL, INTERETANNUEL) VALUES
(8, 8, 950736458);
INSERT INTO OUMAYMA.PARRAINAGE(IDCLIENTPARRAIN, IDCLIENTFILLEUL, INTERETANNUEL) VALUES
(3, 3, NULL);

--
-- Inserting data into table OUMAYMA.PRET
--
INSERT INTO OUMAYMA.PRET(IDPRET, TYPEPRET, MONTANTPRET, NBECHEPRET, DATEPRET, IDCLIENT) VALUES
(1, '0P09Z33035N6L29NLVHE7YFR70283XWDWVKY3CJ8MNU94TO1Y8', 6673, 6673, '01/01/1970 01:51:14', 44);
INSERT INTO OUMAYMA.PRET(IDPRET, TYPEPRET, MONTANTPRET, NBECHEPRET, DATEPRET, IDCLIENT) VALUES
(2, 'EW', 17, 17, '01/01/1970 00:00:18', 29);
INSERT INTO OUMAYMA.PRET(IDPRET, TYPEPRET, MONTANTPRET, NBECHEPRET, DATEPRET, IDCLIENT) VALUES
(3, NULL, NULL, NULL, NULL, NULL);
INSERT INTO OUMAYMA.PRET(IDPRET, TYPEPRET, MONTANTPRET, NBECHEPRET, DATEPRET, IDCLIENT) VALUES
(4, NULL, NULL, NULL, NULL, NULL);
INSERT INTO OUMAYMA.PRET(IDPRET, TYPEPRET, MONTANTPRET, NBECHEPRET, DATEPRET, IDCLIENT) VALUES
(5, 'DMWP5D50L', 421379657, 356, '10/05/1999 01:10:29', 23);
INSERT INTO OUMAYMA.PRET(IDPRET, TYPEPRET, MONTANTPRET, NBECHEPRET, DATEPRET, IDCLIENT) VALUES
(6, '4MZ8QZ43FOI2553VXE26045T32X575Q2FQ2', 223408788, 9382, '01/01/1975 10:04:16', 10);
INSERT INTO OUMAYMA.PRET(IDPRET, TYPEPRET, MONTANTPRET, NBECHEPRET, DATEPRET, IDCLIENT) VALUES
(7, '2A844G7ZC828V594X8XLE0279EOJ88B4M0GAY16GGI7609N5M98B48BN7D8KYQ59V3707DPEH6GC9540217011', 596724999, 4005, '04/10/1990 06:51:41', 44);
INSERT INTO OUMAYMA.PRET(IDPRET, TYPEPRET, MONTANTPRET, NBECHEPRET, DATEPRET, IDCLIENT) VALUES
(8, 'AOHYM15MOO2YVBMJ8XKEO018SWS38B', 147230575, 2476, '06/03/1991 03:06:47', 6);
INSERT INTO OUMAYMA.PRET(IDPRET, TYPEPRET, MONTANTPRET, NBECHEPRET, DATEPRET, IDCLIENT) VALUES
(9, '867B44QUNE2179', 43, 43, '01/01/1970 00:00:44', 42);
INSERT INTO OUMAYMA.PRET(IDPRET, TYPEPRET, MONTANTPRET, NBECHEPRET, DATEPRET, IDCLIENT) VALUES
(10, 'DP1C4DJ0LBG4F', 990915733, 9000, '11/04/1981 11:46:01', 16);
INSERT INTO OUMAYMA.PRET(IDPRET, TYPEPRET, MONTANTPRET, NBECHEPRET, DATEPRET, IDCLIENT) VALUES
(11, '3AA', 492994730, 5184, '04/05/1982 10:58:15', 27);
INSERT INTO OUMAYMA.PRET(IDPRET, TYPEPRET, MONTANTPRET, NBECHEPRET, DATEPRET, IDCLIENT) VALUES
(12, NULL, NULL, NULL, NULL, NULL);
INSERT INTO OUMAYMA.PRET(IDPRET, TYPEPRET, MONTANTPRET, NBECHEPRET, DATEPRET, IDCLIENT) VALUES
(13, '689C1RB69822J6BPEC', 563005424, 9488, '09/03/2010 11:18:04', 38);
INSERT INTO OUMAYMA.PRET(IDPRET, TYPEPRET, MONTANTPRET, NBECHEPRET, DATEPRET, IDCLIENT) VALUES
(14, '660G4C', 383, 383, '01/01/1970 00:06:24', 29);
INSERT INTO OUMAYMA.PRET(IDPRET, TYPEPRET, MONTANTPRET, NBECHEPRET, DATEPRET, IDCLIENT) VALUES
(15, 'LJ27J4J2H8PAKXPFD0B55U4JEUG71W09Y2Q5ZZ7Q5D7E38T8R86SNA7R2IN84D1J5051QJPO04V3L', 457, 457, '01/01/1970 00:07:38', 5);
INSERT INTO OUMAYMA.PRET(IDPRET, TYPEPRET, MONTANTPRET, NBECHEPRET, DATEPRET, IDCLIENT) VALUES
(16, '285EIP246F2', 110907834, 7341, '09/16/2015 10:56:40', 43);
INSERT INTO OUMAYMA.PRET(IDPRET, TYPEPRET, MONTANTPRET, NBECHEPRET, DATEPRET, IDCLIENT) VALUES
(17, '7SE6SHQ9P922U9VCKT7S273WBPMA1W0', 475, 475, '01/01/1970 00:07:56', 40);
INSERT INTO OUMAYMA.PRET(IDPRET, TYPEPRET, MONTANTPRET, NBECHEPRET, DATEPRET, IDCLIENT) VALUES
(18, '82T42XQ6M40MQWSZVG3N8H9R18E8H1U6GRS9620RJI54M4I2YB7Q4', 758285282, 6131, '06/29/2015 15:42:56', 4);
INSERT INTO OUMAYMA.PRET(IDPRET, TYPEPRET, MONTANTPRET, NBECHEPRET, DATEPRET, IDCLIENT) VALUES
(19, 'I5V6E', 923214181, 5802, '01/15/2016 07:28:54', 42);
INSERT INTO OUMAYMA.PRET(IDPRET, TYPEPRET, MONTANTPRET, NBECHEPRET, DATEPRET, IDCLIENT) VALUES
(20, '8SEB279ATQ', 500079342, 9555, '04/20/2019 07:37:01', 43);
INSERT INTO OUMAYMA.PRET(IDPRET, TYPEPRET, MONTANTPRET, NBECHEPRET, DATEPRET, IDCLIENT) VALUES
(21, '5N308A6K15VBWM8TK63URLPU', 49955758, 6414, '09/16/2012 17:09:15', 5);
INSERT INTO OUMAYMA.PRET(IDPRET, TYPEPRET, MONTANTPRET, NBECHEPRET, DATEPRET, IDCLIENT) VALUES
(22, 'C', 247476202, 3702, '07/08/1990 05:11:42', 14);
INSERT INTO OUMAYMA.PRET(IDPRET, TYPEPRET, MONTANTPRET, NBECHEPRET, DATEPRET, IDCLIENT) VALUES
(23, 'P8I61MXCL3QQIR506GN23R85Z6423F96', 703878850, 5493, '11/06/1970 01:49:34', 1);
INSERT INTO OUMAYMA.PRET(IDPRET, TYPEPRET, MONTANTPRET, NBECHEPRET, DATEPRET, IDCLIENT) VALUES
(24, '3ZGPEO0448W653AWW3M', 4, 4, '01/01/1970 00:00:05', 1);
INSERT INTO OUMAYMA.PRET(IDPRET, TYPEPRET, MONTANTPRET, NBECHEPRET, DATEPRET, IDCLIENT) VALUES
(25, '0KP7GL8M6XWK1P', 585, 585, '01/01/1970 00:09:46', 37);
INSERT INTO OUMAYMA.PRET(IDPRET, TYPEPRET, MONTANTPRET, NBECHEPRET, DATEPRET, IDCLIENT) VALUES
(26, '064L4021Y3D', 8, 8, '01/01/1970 00:00:09', 33);
INSERT INTO OUMAYMA.PRET(IDPRET, TYPEPRET, MONTANTPRET, NBECHEPRET, DATEPRET, IDCLIENT) VALUES
(27, NULL, NULL, NULL, NULL, NULL);
INSERT INTO OUMAYMA.PRET(IDPRET, TYPEPRET, MONTANTPRET, NBECHEPRET, DATEPRET, IDCLIENT) VALUES
(28, '8543PSD3280JOZP7O250ZDH6GKO6L5NM0U7GW', 139901885, 8401, '01/15/1982 21:15:04', 19);
INSERT INTO OUMAYMA.PRET(IDPRET, TYPEPRET, MONTANTPRET, NBECHEPRET, DATEPRET, IDCLIENT) VALUES
(29, '2194', 950, 950, '01/01/1970 00:15:51', 4);
INSERT INTO OUMAYMA.PRET(IDPRET, TYPEPRET, MONTANTPRET, NBECHEPRET, DATEPRET, IDCLIENT) VALUES
(30, '755SUA0K8P', 191468425, 649, '03/27/2019 16:11:07', 23);
INSERT INTO OUMAYMA.PRET(IDPRET, TYPEPRET, MONTANTPRET, NBECHEPRET, DATEPRET, IDCLIENT) VALUES
(31, '2O', 858936849, 4573, '01/11/1985 20:13:52', 37);
INSERT INTO OUMAYMA.PRET(IDPRET, TYPEPRET, MONTANTPRET, NBECHEPRET, DATEPRET, IDCLIENT) VALUES
(32, 'KO50', 820531405, 7143, '09/09/1992 09:43:32', 12);
INSERT INTO OUMAYMA.PRET(IDPRET, TYPEPRET, MONTANTPRET, NBECHEPRET, DATEPRET, IDCLIENT) VALUES
(33, NULL, NULL, NULL, NULL, NULL);
INSERT INTO OUMAYMA.PRET(IDPRET, TYPEPRET, MONTANTPRET, NBECHEPRET, DATEPRET, IDCLIENT) VALUES
(34, '7F89B7L32V9Z976R8VEI', 8, 8, '01/01/1970 00:00:09', 19);
INSERT INTO OUMAYMA.PRET(IDPRET, TYPEPRET, MONTANTPRET, NBECHEPRET, DATEPRET, IDCLIENT) VALUES
(35, '7N24558RD86', 355325326, 7678, '12/25/1995 17:14:44', 36);
INSERT INTO OUMAYMA.PRET(IDPRET, TYPEPRET, MONTANTPRET, NBECHEPRET, DATEPRET, IDCLIENT) VALUES
(36, 'WY1', 166316200, 2453, '12/08/2006 15:55:57', 35);
INSERT INTO OUMAYMA.PRET(IDPRET, TYPEPRET, MONTANTPRET, NBECHEPRET, DATEPRET, IDCLIENT) VALUES
(37, '31S171EW1H415VG8MV872', 92, 92, '01/01/1970 00:01:33', 35);
INSERT INTO OUMAYMA.PRET(IDPRET, TYPEPRET, MONTANTPRET, NBECHEPRET, DATEPRET, IDCLIENT) VALUES
(38, 'GXD186XF481DV2W29W98X6I6H74LRT5N3P9LA7F6W3WHDQ293D1RA3W9ASNH3D1408D49302F', 358683742, 9146, '05/11/1991 01:36:45', 6);
INSERT INTO OUMAYMA.PRET(IDPRET, TYPEPRET, MONTANTPRET, NBECHEPRET, DATEPRET, IDCLIENT) VALUES
(39, '3N8Z835O8K6K5T42QP98FQ', 765853906, 2914, '11/28/1988 14:47:01', 1);
INSERT INTO OUMAYMA.PRET(IDPRET, TYPEPRET, MONTANTPRET, NBECHEPRET, DATEPRET, IDCLIENT) VALUES
(40, 'SYZJVJ7C820TI33P2G8G0S43W4FY4VDX19G4VOW3EIU6O5EZ8625KHD67J265PG0620A2435W182B84K4', 665441595, 7414, '04/15/1970 15:50:01', 16);
INSERT INTO OUMAYMA.PRET(IDPRET, TYPEPRET, MONTANTPRET, NBECHEPRET, DATEPRET, IDCLIENT) VALUES
(41, 'NA8MG41ZE70GB2R394', 95, 95, '01/01/1970 00:01:36', 31);
INSERT INTO OUMAYMA.PRET(IDPRET, TYPEPRET, MONTANTPRET, NBECHEPRET, DATEPRET, IDCLIENT) VALUES
(42, 'KE0165MU6V1W1S0632X0ON0S6154YHHT960ZPNMJK0D88VXB8XHI47XO751107O28060ZLS06Z920G507COR1D8YAXEGABD77537EK3IP743QB97134I74G95V6P8HM2R6P57Y80W2XT5TKT6S8VOX3', 327249118, 4975, '12/05/1987 16:08:11', 2);
INSERT INTO OUMAYMA.PRET(IDPRET, TYPEPRET, MONTANTPRET, NBECHEPRET, DATEPRET, IDCLIENT) VALUES
(43, '5A47BM', 188237487, 3606, '04/30/1980 11:44:38', 4);
INSERT INTO OUMAYMA.PRET(IDPRET, TYPEPRET, MONTANTPRET, NBECHEPRET, DATEPRET, IDCLIENT) VALUES
(44, '8Z1P113N0', 66, 66, '01/01/1970 00:01:07', 10);
INSERT INTO OUMAYMA.PRET(IDPRET, TYPEPRET, MONTANTPRET, NBECHEPRET, DATEPRET, IDCLIENT) VALUES
(45, '7', 767230556, 3909, '05/14/1979 04:25:15', 43);
INSERT INTO OUMAYMA.PRET(IDPRET, TYPEPRET, MONTANTPRET, NBECHEPRET, DATEPRET, IDCLIENT) VALUES
(46, 'RZS9Y186WN7O34N0SL4A2563S50BD0LE2V0H6547GZL5193', 18, 18, '01/01/1970 00:00:19', 5);
INSERT INTO OUMAYMA.PRET(IDPRET, TYPEPRET, MONTANTPRET, NBECHEPRET, DATEPRET, IDCLIENT) VALUES
(47, '0', 714394056, 1726, '02/28/1977 15:21:20', 47);
INSERT INTO OUMAYMA.PRET(IDPRET, TYPEPRET, MONTANTPRET, NBECHEPRET, DATEPRET, IDCLIENT) VALUES
(48, '65942I1MCOI2951WOE477SMKNJ67AK07QTPY1U3WLE41GLFG0SQ14A22P4BUK52MP', 606, 606, '01/01/1970 00:10:07', 49);
INSERT INTO OUMAYMA.PRET(IDPRET, TYPEPRET, MONTANTPRET, NBECHEPRET, DATEPRET, IDCLIENT) VALUES
(49, '45EXVP1985MZAE7YNLBX9PE6NK2A1HRQHWY1DSV0698X0Y8AGYDE4O7DX4QX1HZ931', 794093913, 143, '02/28/2007 01:03:05', 37);
INSERT INTO OUMAYMA.PRET(IDPRET, TYPEPRET, MONTANTPRET, NBECHEPRET, DATEPRET, IDCLIENT) VALUES
(50, 'ZIT2D2', 518836021, 2926, '05/23/1980 05:36:22', 35);

--
-- Inserting data into table OUMAYMA.SERVICE
--
INSERT INTO OUMAYMA.SERVICE(IDSERVICE, TYPESERVICE, MONTANTSERVICE, IDCLIENT) VALUES
(1, 'cloture', 54, 18);
INSERT INTO OUMAYMA.SERVICE(IDSERVICE, TYPESERVICE, MONTANTSERVICE, IDCLIENT) VALUES
(2, 'ouverture', 687440075, 32);
INSERT INTO OUMAYMA.SERVICE(IDSERVICE, TYPESERVICE, MONTANTSERVICE, IDCLIENT) VALUES
(3, 'cloture', 860195977, 37);
INSERT INTO OUMAYMA.SERVICE(IDSERVICE, TYPESERVICE, MONTANTSERVICE, IDCLIENT) VALUES
(4, 'ouverture', 913754353, 21);
INSERT INTO OUMAYMA.SERVICE(IDSERVICE, TYPESERVICE, MONTANTSERVICE, IDCLIENT) VALUES
(5, 'cloture', 566115599, 3);
INSERT INTO OUMAYMA.SERVICE(IDSERVICE, TYPESERVICE, MONTANTSERVICE, IDCLIENT) VALUES
(6, 'ouverture', 444640966, 17);
INSERT INTO OUMAYMA.SERVICE(IDSERVICE, TYPESERVICE, MONTANTSERVICE, IDCLIENT) VALUES
(7, 'ouverture', 923005203, 43);
INSERT INTO OUMAYMA.SERVICE(IDSERVICE, TYPESERVICE, MONTANTSERVICE, IDCLIENT) VALUES
(8, 'ouverture', 7, 7);
INSERT INTO OUMAYMA.SERVICE(IDSERVICE, TYPESERVICE, MONTANTSERVICE, IDCLIENT) VALUES
(9, 'cloture', 519473422, 11);
INSERT INTO OUMAYMA.SERVICE(IDSERVICE, TYPESERVICE, MONTANTSERVICE, IDCLIENT) VALUES
(10, 'ouverture', 268808121, 12);
INSERT INTO OUMAYMA.SERVICE(IDSERVICE, TYPESERVICE, MONTANTSERVICE, IDCLIENT) VALUES
(11, 'ouverture', 406635039, 21);
INSERT INTO OUMAYMA.SERVICE(IDSERVICE, TYPESERVICE, MONTANTSERVICE, IDCLIENT) VALUES
(12, 'ouverture', 129312823, 18);
INSERT INTO OUMAYMA.SERVICE(IDSERVICE, TYPESERVICE, MONTANTSERVICE, IDCLIENT) VALUES
(13, 'cloture', 501414389, 45);
INSERT INTO OUMAYMA.SERVICE(IDSERVICE, TYPESERVICE, MONTANTSERVICE, IDCLIENT) VALUES
(14, 'cloture', 357927450, 9);
INSERT INTO OUMAYMA.SERVICE(IDSERVICE, TYPESERVICE, MONTANTSERVICE, IDCLIENT) VALUES
(15, 'ouverture', 538, 39);
INSERT INTO OUMAYMA.SERVICE(IDSERVICE, TYPESERVICE, MONTANTSERVICE, IDCLIENT) VALUES
(16, 'ouverture', 1, 50);
INSERT INTO OUMAYMA.SERVICE(IDSERVICE, TYPESERVICE, MONTANTSERVICE, IDCLIENT) VALUES
(17, 'ouverture', 837414106, 42);
INSERT INTO OUMAYMA.SERVICE(IDSERVICE, TYPESERVICE, MONTANTSERVICE, IDCLIENT) VALUES
(18, 'ouverture', 179185543, 22);
INSERT INTO OUMAYMA.SERVICE(IDSERVICE, TYPESERVICE, MONTANTSERVICE, IDCLIENT) VALUES
(19, 'cloture', 361, 41);
INSERT INTO OUMAYMA.SERVICE(IDSERVICE, TYPESERVICE, MONTANTSERVICE, IDCLIENT) VALUES
(20, 'ouverture', 386217622, 27);
INSERT INTO OUMAYMA.SERVICE(IDSERVICE, TYPESERVICE, MONTANTSERVICE, IDCLIENT) VALUES
(21, 'cloture', 210788084, 17);
INSERT INTO OUMAYMA.SERVICE(IDSERVICE, TYPESERVICE, MONTANTSERVICE, IDCLIENT) VALUES
(22, 'cloture', 68697289, 14);
INSERT INTO OUMAYMA.SERVICE(IDSERVICE, TYPESERVICE, MONTANTSERVICE, IDCLIENT) VALUES
(23, 'ouverture', 9, 16);
INSERT INTO OUMAYMA.SERVICE(IDSERVICE, TYPESERVICE, MONTANTSERVICE, IDCLIENT) VALUES
(24, 'cloture', NULL, NULL);
INSERT INTO OUMAYMA.SERVICE(IDSERVICE, TYPESERVICE, MONTANTSERVICE, IDCLIENT) VALUES
(25, 'cloture', 2424, 24);
INSERT INTO OUMAYMA.SERVICE(IDSERVICE, TYPESERVICE, MONTANTSERVICE, IDCLIENT) VALUES
(26, 'ouverture', 749597252, 24);
INSERT INTO OUMAYMA.SERVICE(IDSERVICE, TYPESERVICE, MONTANTSERVICE, IDCLIENT) VALUES
(27, 'cloture', 748393838, 11);
INSERT INTO OUMAYMA.SERVICE(IDSERVICE, TYPESERVICE, MONTANTSERVICE, IDCLIENT) VALUES
(28, 'ouverture', 734890841, 46);
INSERT INTO OUMAYMA.SERVICE(IDSERVICE, TYPESERVICE, MONTANTSERVICE, IDCLIENT) VALUES
(29, 'cloture', 352668313, 1);
INSERT INTO OUMAYMA.SERVICE(IDSERVICE, TYPESERVICE, MONTANTSERVICE, IDCLIENT) VALUES
(30, 'cloture', NULL, NULL);
INSERT INTO OUMAYMA.SERVICE(IDSERVICE, TYPESERVICE, MONTANTSERVICE, IDCLIENT) VALUES
(31, 'ouverture', 116898039, 33);
INSERT INTO OUMAYMA.SERVICE(IDSERVICE, TYPESERVICE, MONTANTSERVICE, IDCLIENT) VALUES
(32, 'ouverture', 698018090, 12);
INSERT INTO OUMAYMA.SERVICE(IDSERVICE, TYPESERVICE, MONTANTSERVICE, IDCLIENT) VALUES
(33, 'ouverture', 23, 9);
INSERT INTO OUMAYMA.SERVICE(IDSERVICE, TYPESERVICE, MONTANTSERVICE, IDCLIENT) VALUES
(34, 'ouverture', 93, 20);
INSERT INTO OUMAYMA.SERVICE(IDSERVICE, TYPESERVICE, MONTANTSERVICE, IDCLIENT) VALUES
(35, 'ouverture', 3, 30);
INSERT INTO OUMAYMA.SERVICE(IDSERVICE, TYPESERVICE, MONTANTSERVICE, IDCLIENT) VALUES
(36, 'cloture', 668, 8);
INSERT INTO OUMAYMA.SERVICE(IDSERVICE, TYPESERVICE, MONTANTSERVICE, IDCLIENT) VALUES
(37, 'cloture', 9962, 16);
INSERT INTO OUMAYMA.SERVICE(IDSERVICE, TYPESERVICE, MONTANTSERVICE, IDCLIENT) VALUES
(38, 'cloture', 261, 24);
INSERT INTO OUMAYMA.SERVICE(IDSERVICE, TYPESERVICE, MONTANTSERVICE, IDCLIENT) VALUES
(39, 'cloture', 74928452, 7);
INSERT INTO OUMAYMA.SERVICE(IDSERVICE, TYPESERVICE, MONTANTSERVICE, IDCLIENT) VALUES
(40, 'ouverture', 1, 26);
INSERT INTO OUMAYMA.SERVICE(IDSERVICE, TYPESERVICE, MONTANTSERVICE, IDCLIENT) VALUES
(41, 'cloture', 3766, 18);
INSERT INTO OUMAYMA.SERVICE(IDSERVICE, TYPESERVICE, MONTANTSERVICE, IDCLIENT) VALUES
(42, 'ouverture', 64313898, 38);
INSERT INTO OUMAYMA.SERVICE(IDSERVICE, TYPESERVICE, MONTANTSERVICE, IDCLIENT) VALUES
(43, NULL, 711172909, 33);
INSERT INTO OUMAYMA.SERVICE(IDSERVICE, TYPESERVICE, MONTANTSERVICE, IDCLIENT) VALUES
(44, 'ouverture', 238757393, 24);
INSERT INTO OUMAYMA.SERVICE(IDSERVICE, TYPESERVICE, MONTANTSERVICE, IDCLIENT) VALUES
(45, 'ouverture', 183146405, 36);
INSERT INTO OUMAYMA.SERVICE(IDSERVICE, TYPESERVICE, MONTANTSERVICE, IDCLIENT) VALUES
(46, 'ouverture', 319420888, 19);
INSERT INTO OUMAYMA.SERVICE(IDSERVICE, TYPESERVICE, MONTANTSERVICE, IDCLIENT) VALUES
(47, 'cloture', 950041700, 41);
INSERT INTO OUMAYMA.SERVICE(IDSERVICE, TYPESERVICE, MONTANTSERVICE, IDCLIENT) VALUES
(48, 'cloture', NULL, NULL);
INSERT INTO OUMAYMA.SERVICE(IDSERVICE, TYPESERVICE, MONTANTSERVICE, IDCLIENT) VALUES
(49, 'ouverture', NULL, NULL);
INSERT INTO OUMAYMA.SERVICE(IDSERVICE, TYPESERVICE, MONTANTSERVICE, IDCLIENT) VALUES
(50, 'ouverture', NULL, NULL);

--
-- Inserting data into table OUMAYMA.TRANSACTION
--
INSERT INTO OUMAYMA.TRANSACTION(IDTRANSACTION, TYPETRANSACTION, MONTANTTRANSACTION, IDCLIENT, IDCOMPTE) VALUES
(1, 'transfert', 'N', 5, 45);
INSERT INTO OUMAYMA.TRANSACTION(IDTRANSACTION, TYPETRANSACTION, MONTANTTRANSACTION, IDCLIENT, IDCOMPTE) VALUES
(2, 'virement', 'P3P3CBSGG91X8IX3HT0KT493', 46, 15);
INSERT INTO OUMAYMA.TRANSACTION(IDTRANSACTION, TYPETRANSACTION, MONTANTTRANSACTION, IDCLIENT, IDCOMPTE) VALUES
(3, 'virement', 'R5H2F7N3919', 15, 34);
INSERT INTO OUMAYMA.TRANSACTION(IDTRANSACTION, TYPETRANSACTION, MONTANTTRANSACTION, IDCLIENT, IDCOMPTE) VALUES
(4, 'virement', 'FV1X982TY2UR5O5', 10, NULL);
INSERT INTO OUMAYMA.TRANSACTION(IDTRANSACTION, TYPETRANSACTION, MONTANTTRANSACTION, IDCLIENT, IDCOMPTE) VALUES
(5, 'retrait', 'I5U698FA', 10, 28);
INSERT INTO OUMAYMA.TRANSACTION(IDTRANSACTION, TYPETRANSACTION, MONTANTTRANSACTION, IDCLIENT, IDCOMPTE) VALUES
(6, 'retrait', '6GL8U5JW869F4', 19, 25);
INSERT INTO OUMAYMA.TRANSACTION(IDTRANSACTION, TYPETRANSACTION, MONTANTTRANSACTION, IDCLIENT, IDCOMPTE) VALUES
(7, 'transfert', '9F4P35ZRCR3L149', 24, 49);
INSERT INTO OUMAYMA.TRANSACTION(IDTRANSACTION, TYPETRANSACTION, MONTANTTRANSACTION, IDCLIENT, IDCOMPTE) VALUES
(8, 'virement', 'I41UI', 34, 32);
INSERT INTO OUMAYMA.TRANSACTION(IDTRANSACTION, TYPETRANSACTION, MONTANTTRANSACTION, IDCLIENT, IDCOMPTE) VALUES
(9, 'depot', 'CPMB8T', 12, 35);
INSERT INTO OUMAYMA.TRANSACTION(IDTRANSACTION, TYPETRANSACTION, MONTANTTRANSACTION, IDCLIENT, IDCOMPTE) VALUES
(10, 'retrait', '60PK0P0GOSFB0JO0X601', 47, 23);
INSERT INTO OUMAYMA.TRANSACTION(IDTRANSACTION, TYPETRANSACTION, MONTANTTRANSACTION, IDCLIENT, IDCOMPTE) VALUES
(11, 'retrait', '2439N9R4K3M847TG059M9V911', 50, 27);
INSERT INTO OUMAYMA.TRANSACTION(IDTRANSACTION, TYPETRANSACTION, MONTANTTRANSACTION, IDCLIENT, IDCOMPTE) VALUES
(12, 'depot', '8GUKPTM1', 21, 14);
INSERT INTO OUMAYMA.TRANSACTION(IDTRANSACTION, TYPETRANSACTION, MONTANTTRANSACTION, IDCLIENT, IDCOMPTE) VALUES
(13, 'transfert', 'F498TY3NFNXIFAEQ03H6H0L0CPTX7DX5673160880YS84UA948189L5', 10, 31);
INSERT INTO OUMAYMA.TRANSACTION(IDTRANSACTION, TYPETRANSACTION, MONTANTTRANSACTION, IDCLIENT, IDCOMPTE) VALUES
(14, 'depot', 'QO7QF5Z0YK305BR329ZPRY5GB96V854G4005XDIZ172M7IU4LZA817PMY', 11, 48);
INSERT INTO OUMAYMA.TRANSACTION(IDTRANSACTION, TYPETRANSACTION, MONTANTTRANSACTION, IDCLIENT, IDCOMPTE) VALUES
(15, 'depot', '5TOC2UDO6I4T2', 6, 10);
INSERT INTO OUMAYMA.TRANSACTION(IDTRANSACTION, TYPETRANSACTION, MONTANTTRANSACTION, IDCLIENT, IDCOMPTE) VALUES
(16, 'virement', '6NXDJBVCZM4M8766375T', 16, 6);
INSERT INTO OUMAYMA.TRANSACTION(IDTRANSACTION, TYPETRANSACTION, MONTANTTRANSACTION, IDCLIENT, IDCOMPTE) VALUES
(17, 'retrait', '2H1W0W4SW166278KTUK24WJ00ZA309DUBAZKS64R3EM6NLZ0BS38U8K93QQ232M36', 18, 22);
INSERT INTO OUMAYMA.TRANSACTION(IDTRANSACTION, TYPETRANSACTION, MONTANTTRANSACTION, IDCLIENT, IDCOMPTE) VALUES
(18, 'virement', '4UD9TIZI72H1DPB061HP', 12, 14);
INSERT INTO OUMAYMA.TRANSACTION(IDTRANSACTION, TYPETRANSACTION, MONTANTTRANSACTION, IDCLIENT, IDCOMPTE) VALUES
(19, 'transfert', '5W6WB86AX23LOY8AXQR7310G5M7BY4XTN80N2', 5, 26);
INSERT INTO OUMAYMA.TRANSACTION(IDTRANSACTION, TYPETRANSACTION, MONTANTTRANSACTION, IDCLIENT, IDCOMPTE) VALUES
(20, 'virement', '0YO460ARJ3B6M17OF1', 24, NULL);
INSERT INTO OUMAYMA.TRANSACTION(IDTRANSACTION, TYPETRANSACTION, MONTANTTRANSACTION, IDCLIENT, IDCOMPTE) VALUES
(21, 'transfert', '43TMWKL44137T54T86C475', 13, 43);
INSERT INTO OUMAYMA.TRANSACTION(IDTRANSACTION, TYPETRANSACTION, MONTANTTRANSACTION, IDCLIENT, IDCOMPTE) VALUES
(22, 'retrait', '1006EJO18UJD230B795NF67C346JM10QE2SC28Y84109Q00G973', 32, 16);
INSERT INTO OUMAYMA.TRANSACTION(IDTRANSACTION, TYPETRANSACTION, MONTANTTRANSACTION, IDCLIENT, IDCOMPTE) VALUES
(23, 'retrait', '2E985VR7IBN8BVPCQ2YP21UGGM1N', 20, 29);
INSERT INTO OUMAYMA.TRANSACTION(IDTRANSACTION, TYPETRANSACTION, MONTANTTRANSACTION, IDCLIENT, IDCOMPTE) VALUES
(24, 'virement', 'T2S462BT2EAR485931663AG5AJB7F60602F680K4G87X747Q1O', 5, 26);
INSERT INTO OUMAYMA.TRANSACTION(IDTRANSACTION, TYPETRANSACTION, MONTANTTRANSACTION, IDCLIENT, IDCOMPTE) VALUES
(25, 'virement', 'R', 2, 32);
INSERT INTO OUMAYMA.TRANSACTION(IDTRANSACTION, TYPETRANSACTION, MONTANTTRANSACTION, IDCLIENT, IDCOMPTE) VALUES
(26, 'depot', NULL, NULL, 12);
INSERT INTO OUMAYMA.TRANSACTION(IDTRANSACTION, TYPETRANSACTION, MONTANTTRANSACTION, IDCLIENT, IDCOMPTE) VALUES
(27, 'virement', 'MK', 50, 44);
INSERT INTO OUMAYMA.TRANSACTION(IDTRANSACTION, TYPETRANSACTION, MONTANTTRANSACTION, IDCLIENT, IDCOMPTE) VALUES
(28, 'depot', NULL, NULL, 7);
INSERT INTO OUMAYMA.TRANSACTION(IDTRANSACTION, TYPETRANSACTION, MONTANTTRANSACTION, IDCLIENT, IDCOMPTE) VALUES
(29, 'virement', 'ZYII34X81R0I790V1P35Z6I7DJMPJ25J8HK7WB875RU8D7466B58A8OAP6K06AK1912IP64MP2FVGGI70H0W43F99717BEAXJ696I3IE4HRE1HB7458568ZZH8Z57C1762W54AGUWY0F25KB', 38, 46);
INSERT INTO OUMAYMA.TRANSACTION(IDTRANSACTION, TYPETRANSACTION, MONTANTTRANSACTION, IDCLIENT, IDCOMPTE) VALUES
(30, 'retrait', 'SC3WJR1ASWW705MTG83UCSWJ703', 50, 16);
INSERT INTO OUMAYMA.TRANSACTION(IDTRANSACTION, TYPETRANSACTION, MONTANTTRANSACTION, IDCLIENT, IDCOMPTE) VALUES
(31, 'virement', 'NAF1FK5V4B990JG', 15, 17);
INSERT INTO OUMAYMA.TRANSACTION(IDTRANSACTION, TYPETRANSACTION, MONTANTTRANSACTION, IDCLIENT, IDCOMPTE) VALUES
(32, 'transfert', 'ZXH', 16, 42);
INSERT INTO OUMAYMA.TRANSACTION(IDTRANSACTION, TYPETRANSACTION, MONTANTTRANSACTION, IDCLIENT, IDCOMPTE) VALUES
(33, 'virement', '854Y8S2E8SI395182Y97J7R33', 50, 40);
INSERT INTO OUMAYMA.TRANSACTION(IDTRANSACTION, TYPETRANSACTION, MONTANTTRANSACTION, IDCLIENT, IDCOMPTE) VALUES
(34, 'virement', 'EQZ36AYAWX78X', 41, 37);
INSERT INTO OUMAYMA.TRANSACTION(IDTRANSACTION, TYPETRANSACTION, MONTANTTRANSACTION, IDCLIENT, IDCOMPTE) VALUES
(35, 'virement', '8TTODLGH5MHIWVM696NE3L25PZXNX3071RSP784633T1613K31AA2RME9MSM', 26, 27);
INSERT INTO OUMAYMA.TRANSACTION(IDTRANSACTION, TYPETRANSACTION, MONTANTTRANSACTION, IDCLIENT, IDCOMPTE) VALUES
(36, 'retrait', 'M05032QY51WJK7FD33OP4XD801Q96CGGZR1G381C8319N43', 41, 13);
INSERT INTO OUMAYMA.TRANSACTION(IDTRANSACTION, TYPETRANSACTION, MONTANTTRANSACTION, IDCLIENT, IDCOMPTE) VALUES
(37, 'virement', '383BC1Z67F0HU840HB7X88DCDRD13EQRME611V742Z5POD5L5QXC2ZMPF97DNB4ASSHC76T3', 16, 45);
INSERT INTO OUMAYMA.TRANSACTION(IDTRANSACTION, TYPETRANSACTION, MONTANTTRANSACTION, IDCLIENT, IDCOMPTE) VALUES
(38, 'virement', '1OC7IH20175G1NMPY7SM11', 14, 45);
INSERT INTO OUMAYMA.TRANSACTION(IDTRANSACTION, TYPETRANSACTION, MONTANTTRANSACTION, IDCLIENT, IDCOMPTE) VALUES
(39, 'virement', '980P4', 28, 39);
INSERT INTO OUMAYMA.TRANSACTION(IDTRANSACTION, TYPETRANSACTION, MONTANTTRANSACTION, IDCLIENT, IDCOMPTE) VALUES
(40, 'retrait', 'BYVRSYK966', 33, 13);
INSERT INTO OUMAYMA.TRANSACTION(IDTRANSACTION, TYPETRANSACTION, MONTANTTRANSACTION, IDCLIENT, IDCOMPTE) VALUES
(41, 'transfert', 'H7RA32B22L94J9K', 29, NULL);
INSERT INTO OUMAYMA.TRANSACTION(IDTRANSACTION, TYPETRANSACTION, MONTANTTRANSACTION, IDCLIENT, IDCOMPTE) VALUES
(42, 'depot', 'SJ906020YY4P4M57056A0', 39, 34);
INSERT INTO OUMAYMA.TRANSACTION(IDTRANSACTION, TYPETRANSACTION, MONTANTTRANSACTION, IDCLIENT, IDCOMPTE) VALUES
(43, 'virement', '134F6NCKZER8BG', 34, 16);
INSERT INTO OUMAYMA.TRANSACTION(IDTRANSACTION, TYPETRANSACTION, MONTANTTRANSACTION, IDCLIENT, IDCOMPTE) VALUES
(44, 'transfert', '3NT', 11, 22);
INSERT INTO OUMAYMA.TRANSACTION(IDTRANSACTION, TYPETRANSACTION, MONTANTTRANSACTION, IDCLIENT, IDCOMPTE) VALUES
(45, 'transfert', 'U787K908UE9TKQ5X25ZMKYI6YNUIVKT7070O9D87D05E4760D2UZZ9V08205460399Z27O9JCGW', 18, 9);
INSERT INTO OUMAYMA.TRANSACTION(IDTRANSACTION, TYPETRANSACTION, MONTANTTRANSACTION, IDCLIENT, IDCOMPTE) VALUES
(46, 'transfert', NULL, NULL, 19);
INSERT INTO OUMAYMA.TRANSACTION(IDTRANSACTION, TYPETRANSACTION, MONTANTTRANSACTION, IDCLIENT, IDCOMPTE) VALUES
(47, 'transfert', '2CITH80I9K4J7M4301P211QR8NC', 16, 14);
INSERT INTO OUMAYMA.TRANSACTION(IDTRANSACTION, TYPETRANSACTION, MONTANTTRANSACTION, IDCLIENT, IDCOMPTE) VALUES
(48, 'retrait', '27G6584G5653JEE77O7F12IG7QM0XOR0N9K8JUI4RJDX06I46BDTP819W79PE8U41G5PK87UE36285MY08', 10, NULL);
INSERT INTO OUMAYMA.TRANSACTION(IDTRANSACTION, TYPETRANSACTION, MONTANTTRANSACTION, IDCLIENT, IDCOMPTE) VALUES
(49, 'virement', NULL, NULL, 37);
INSERT INTO OUMAYMA.TRANSACTION(IDTRANSACTION, TYPETRANSACTION, MONTANTTRANSACTION, IDCLIENT, IDCOMPTE) VALUES
(50, 'transfert', NULL, NULL, NULL);

COMMIT;